Agent ID,0
Number of waypoints,2
0,0,-0.0525025,0.0247626,0.0705218
1,0.252026,-0.0488184,0.00841859,0.0893492
Agent ID,1
Number of waypoints,2
0,0,-0.0317491,0.00552145,0.166248
1,0.262425,-0.0209885,0.0257256,0.17908
Agent ID,2
Number of waypoints,2
0,0,-0.0153851,0.0587462,0.143144
1,0.343736,-0.0442666,0.041156,0.149307
Agent ID,3
Number of waypoints,2
0,0,-0.0111641,0.0516372,0.114856
1,0.50001,-0.0591813,0.0435281,0.1262
Agent ID,4
Number of waypoints,2
0,0,-0.00567653,0.024223,0.14909
1,0.601872,0.0366588,-0.0185233,0.147368
Agent ID,5
Number of waypoints,2
0,0,0.0081807,-0.0441425,0.0990594
1,0.326848,0.0378314,-0.0303942,0.0993962
Agent ID,6
Number of waypoints,2
0,0,0.00929654,0.0455332,0.0978252
1,0.39558,0.0477679,0.0399228,0.105127
Agent ID,7
Number of waypoints,2
0,0,0.0511219,-0.0339581,0.121994
1,0.291681,0.041833,-0.00649773,0.125223
