Agent ID,0
Number of waypoints,2
0,0,-0.0484618,0.0442275,0.0910075
1,1.17149,-0.0239068,-0.0090796,0.130294
Agent ID,1
Number of waypoints,2
0,0,-0.0481301,0.0303287,0.168999
1,0.614122,-0.0249015,-0.00385687,0.165001
Agent ID,2
Number of waypoints,3
0,0,-0.0390983,0.0345378,0.0618528
1,0.13487,-0.0256113,0.0345378,0.0618528
2,0.426934,-0.0256113,0.0349956,0.0906014
Agent ID,3
Number of waypoints,2
0,0,-0.0177827,-0.0300626,0.0863855
1,0.414196,0.00499726,-0.0308863,0.0685696
Agent ID,4
Number of waypoints,2
0,0,-0.0105199,-0.0511859,0.104874
1,0.536395,-0.0244486,-0.051117,0.0652321
Agent ID,5
Number of waypoints,3
0,0,0.0402983,0.0422728,0.175526
1,0.498861,0.0402983,-0.00761331,0.175526
2,0.831106,0.0086478,-0.00761331,0.1771
Agent ID,6
Number of waypoints,3
0,0,0.0453515,0.0428304,0.0797271
1,0.015209,0.0453515,0.0413095,0.0797271
2,0.38437,0.026898,0.0413095,0.0981897
Agent ID,7
Number of waypoints,2
0,0,0.0580835,-0.0108413,0.143168
1,1.13673,0.0347744,-0.000161738,0.0634833
