Agent ID,0
Number of waypoints,2
0,0,-0.050912,0.0515648,0.151246
1,0.689483,-0.0260814,0.0508491,0.107844
Agent ID,1
Number of waypoints,2
0,0,-0.0321591,-0.0149326,0.105911
1,1.21696,0.0334824,-0.0474758,0.0823998
Agent ID,2
Number of waypoints,2
0,0,-0.0217197,-0.0385704,0.138232
1,0.787966,0.00715013,-0.000279649,0.149868
Agent ID,3
Number of waypoints,2
0,0,-0.00326245,0.0156926,0.155058
1,0.673009,0.0243904,-0.00280742,0.176206
Agent ID,4
Number of waypoints,2
0,0,0.00294169,-0.0238464,0.114401
1,0.332441,0.020278,-0.0311262,0.123029
Agent ID,5
Number of waypoints,2
0,0,0.0133961,0.0588087,0.0707951
1,0.939265,-0.000682605,-0.0153841,0.0651401
Agent ID,6
Number of waypoints,2
0,0,0.0189785,0.0392476,0.0902276
1,0.911839,0.0438127,-0.017667,0.0996627
Agent ID,7
Number of waypoints,2
0,0,0.0455736,-0.00619144,0.146184
1,0.391004,0.0467651,-0.0303053,0.132389
