Agent ID,0
Number of waypoints,2
0,0,-0.0524752,-0.0417182,0.0858403
1,0.290699,-0.0506666,-0.0195356,0.090919
Agent ID,1
Number of waypoints,2
0,0,-0.0271027,-0.0514934,0.0993292
1,0.417257,0.000344761,-0.0373125,0.0994265
Agent ID,2
Number of waypoints,2
0,0,0.0098103,0.0234893,0.135868
1,0.59308,0.035579,0.0548956,0.138001
Agent ID,3
Number of waypoints,2
0,0,0.0276425,-0.0214711,0.0895142
1,0.699641,0.00387004,0.000936728,0.113298
Agent ID,4
Number of waypoints,2
0,0,0.0425277,0.0136481,0.0637767
1,0.537693,0.0566596,0.0354134,0.0816488
Agent ID,5
Number of waypoints,2
0,0,0.0485611,-0.0569051,0.134162
1,0.984834,0.0358961,0.0125673,0.150508
Agent ID,6
Number of waypoints,2
0,0,0.0518615,-0.0599996,0.087139
1,0.286465,0.0386517,-0.0466897,0.0892658
Agent ID,7
Number of waypoints,2
0,0,0.055418,-0.00289748,0.0918789
1,0.332295,0.0539253,-0.00572777,0.0629724
