Agent ID,0
Number of waypoints,2
0,0,-0.047803,-0.0124195,0.0911352
1,0.674071,-0.0529615,0.0119653,0.128999
Agent ID,1
Number of waypoints,2
0,0,-0.0470907,0.0324478,0.138617
1,0.492775,-0.0301909,0.0246541,0.163201
Agent ID,2
Number of waypoints,2
0,0,-0.0165052,-0.0243833,0.114826
1,1.02615,0.0089535,-0.0109649,0.178564
Agent ID,3
Number of waypoints,3
0,0,-0.00993701,0.0546029,0.167197
1,0.174958,-0.00993701,0.0371071,0.167197
2,0.420136,-0.0232718,0.0371071,0.17838
Agent ID,4
Number of waypoints,3
0,0,0.0140121,0.0475214,0.153588
1,0.095333,0.0140121,0.0379881,0.153588
2,0.417473,0.00750014,0.0379881,0.17929
Agent ID,5
Number of waypoints,3
0,0,0.0328861,0.0208838,0.163531
1,0.103487,0.0328861,0.0105351,0.163531
2,0.218702,0.0424286,0.0105351,0.161552
Agent ID,6
Number of waypoints,2
0,0,0.0538218,0.0346225,0.0791855
1,1.01045,0.0374046,-0.0468936,0.0760738
Agent ID,7
Number of waypoints,2
0,0,0.0573479,0.0172538,0.140221
1,0.340322,0.0514871,0.0025394,0.126764
