Agent ID,0
Number of waypoints,2
0,0,-0.0517492,0.0220269,0.103818
1,0.140501,-0.0504138,0.0117192,0.106225
Agent ID,1
Number of waypoints,2
0,0,-0.0493824,0.0469233,0.120363
1,0.372036,-0.0565813,0.05824,0.101675
Agent ID,2
Number of waypoints,2
0,0,-0.0423301,-0.0549745,0.0655677
1,1.83802,-0.0493234,0.0206206,0.166781
Agent ID,3
Number of waypoints,2
0,0,0.0110325,0.0152702,0.136501
1,0.542162,0.0127727,-0.0147368,0.15897
Agent ID,4
Number of waypoints,4
0,0,0.0260078,0.0265462,0.156154
1,0.553011,-0.0292933,0.0265462,0.156154
2,0.704154,-0.0292933,0.0114319,0.156154
3,0.921924,-0.0292933,0.0114319,0.177931
Agent ID,5
Number of waypoints,3
0,0,0.029987,0.0528431,0.0659256
1,0.372942,-0.00730724,0.0528431,0.0659256
2,0.393312,-0.00730724,0.05254,0.0676595
Agent ID,6
Number of waypoints,2
0,0,0.0355225,0.0463227,0.109536
1,0.58829,0.0185427,0.0510419,0.146666
Agent ID,7
Number of waypoints,2
0,0,0.0555274,-0.0521098,0.0998132
1,0.629267,0.0320963,-0.0543604,0.0625682
