Agent ID,0
Number of waypoints,2
0,0,-0.0484601,-0.0183024,0.106134
1,0.522317,-0.0594846,0.0124392,0.0956684
Agent ID,1
Number of waypoints,2
0,0,-0.0419627,0.0566894,0.119147
1,0.498762,-0.045806,0.0227435,0.10706
Agent ID,2
Number of waypoints,2
0,0,-0.0275376,-0.0107529,0.170475
1,0.710047,-0.0384973,-0.0134739,0.113151
Agent ID,3
Number of waypoints,3
0,0,-0.0116072,0.0369729,0.12392
1,0.23776,0.00220877,0.0369729,0.13388
2,0.390463,0.00220877,0.0522432,0.13388
Agent ID,4
Number of waypoints,2
0,0,0.00572777,-0.0242345,0.0916509
1,0.53301,0.040456,-0.0325343,0.0813779
Agent ID,5
Number of waypoints,2
0,0,0.0215472,0.0543174,0.114218
1,0.272407,0.0318787,0.0546361,0.0976275
Agent ID,6
Number of waypoints,3
0,0,0.0323401,0.0534491,0.0811826
1,0.154501,0.0323401,0.0534491,0.0657325
2,0.367943,0.0285583,0.0358867,0.0657325
Agent ID,7
Number of waypoints,2
0,0,0.0449273,0.0427554,0.170519
1,0.861298,0.0402495,-0.0209686,0.152791
