Agent ID,0
Number of waypoints,4
0,0,-0.0516804,-0.0321322,0.159909
1,0.107798,-0.0409006,-0.0321322,0.159909
2,1.49023,-0.0409006,0.0247971,0.0785948
3,1.49023,-0.0409006,0.0247971,0.0785948
Agent ID,1
Number of waypoints,2
0,0,-0.04987,-0.006242,0.165932
1,0.640082,-0.0529234,0.0311608,0.14238
Agent ID,2
Number of waypoints,2
0,0,-0.00912208,0.0161604,0.159023
1,0.505596,-0.00117169,0.0211796,0.121433
Agent ID,3
Number of waypoints,2
0,0,0.00471119,-0.0148555,0.0650466
1,0.470473,0.0132399,-0.0427516,0.0756691
Agent ID,4
Number of waypoints,2
0,0,0.0191503,0.0227611,0.125147
1,0.810096,0.0133379,-0.0204593,0.0931702
Agent ID,5
Number of waypoints,2
0,0,0.0324641,-0.0514776,0.11237
1,0.529053,0.0461,-0.0241042,0.124266
Agent ID,6
Number of waypoints,2
0,0,0.0539346,-0.0105551,0.159033
1,0.086552,0.0544471,-0.0038704,0.160491
Agent ID,7
Number of waypoints,2
0,0,0.0566693,-0.0106015,0.0878175
1,0.680224,0.0537708,0.0295587,0.0628538
