Agent ID,0
Number of waypoints,2
0,0,-0.0586663,0.059934,0.0644203
1,1.03155,-0.0475668,0.0252643,0.121806
Agent ID,1
Number of waypoints,2
0,0,-0.000459359,-0.0383929,0.134377
1,0.800651,-0.0229756,-0.012008,0.165541
Agent ID,2
Number of waypoints,2
0,0,0.0117392,0.00873738,0.0771342
1,0.963584,0.0128858,-0.00691666,0.156692
Agent ID,3
Number of waypoints,2
0,0,0.016637,0.0361052,0.175479
1,0.776779,0.0435053,-0.0102454,0.179938
Agent ID,4
Number of waypoints,2
0,0,0.0315402,0.039381,0.0881885
1,0.76466,0.0248683,0.0461936,0.15117
Agent ID,5
Number of waypoints,2
0,0,0.0376921,0.0101035,0.0789583
1,0.623079,0.0268406,-9.31712e-05,0.120218
Agent ID,6
Number of waypoints,2
0,0,0.0444313,-0.0315546,0.0758855
1,0.622314,0.0158836,-0.0546563,0.0653035
Agent ID,7
Number of waypoints,2
0,0,0.0500397,-0.0554304,0.0972233
1,0.746814,0.0409452,-0.0102262,0.117606
