Agent ID,0
Number of waypoints,2
0,0,-0.0597046,-0.0464906,0.0905388
1,0.279596,-0.0573633,-0.0449145,0.114581
Agent ID,1
Number of waypoints,2
0,0,0.0193312,-0.0405268,0.0699614
1,0.602415,-0.0219001,-0.030737,0.060741
Agent ID,2
Number of waypoints,2
0,0,0.0288405,0.0464924,0.064199
1,0.859811,-0.0479557,0.0432982,0.0701897
Agent ID,3
Number of waypoints,2
0,0,0.0382552,0.0307148,0.117212
1,0.588691,0.0148673,0.031721,0.151687
Agent ID,4
Number of waypoints,2
0,0,0.0409368,-0.00955941,0.108747
1,0.903047,0.00648032,-0.0384376,0.135717
Agent ID,5
Number of waypoints,2
0,0,0.0548455,0.00203674,0.124388
1,0.411727,0.0579229,-0.0239686,0.136478
Agent ID,6
Number of waypoints,3
0,0,0.0548827,0.0435089,0.0607936
1,1.61383,-0.0481393,0.0435089,0.119155
2,1.73819,-0.0481393,0.0559446,0.119155
Agent ID,7
Number of waypoints,2
0,0,0.0588546,0.0243968,0.0845819
1,2.15051,-0.051509,0.0069906,0.171863
