Agent ID,0
Number of waypoints,2
0,0,-0.0553756,-0.0219858,0.0758321
1,1.04554,-0.0529149,0.0599143,0.0960249
Agent ID,1
Number of waypoints,2
0,0,-0.0508593,-0.00865692,0.112037
1,1.07036,-0.0471343,0.0345019,0.172189
Agent ID,2
Number of waypoints,2
0,0,-0.0280785,-0.0504879,0.135989
1,1.38607,0.0391967,0.00976054,0.124906
Agent ID,3
Number of waypoints,2
0,0,-0.0279546,-0.0418257,0.160698
1,1.08839,0.027474,0.00102696,0.171256
Agent ID,4
Number of waypoints,2
0,0,-0.0131303,-0.0551766,0.157839
1,0.847675,0.0489592,-0.0361146,0.154223
Agent ID,5
Number of waypoints,3
0,0,0.000936665,0.0393272,0.139168
1,0.163357,0.000936665,0.0229915,0.139168
2,0.222899,-0.00369454,0.0229915,0.137845
Agent ID,6
Number of waypoints,2
0,0,0.00473659,0.0583387,0.150408
1,0.712779,0.0208891,0.0323833,0.121238
Agent ID,7
Number of waypoints,3
0,0,0.00582058,0.0585617,0.114063
1,0.348848,0.00582058,0.0585617,0.0791782
2,0.98424,0.0366743,0.0258762,0.0791782
