Agent ID,0
Number of waypoints,2
0,0,-0.0531208,-0.052365,0.164084
1,1.27356,-0.023588,-0.0336212,0.0850042
Agent ID,1
Number of waypoints,3
0,0,-0.0519812,0.00480115,0.148032
1,1.08788,-0.0519812,-0.0338206,0.0778659
2,1.15908,-0.0591012,-0.0338206,0.0778659
Agent ID,2
Number of waypoints,2
0,0,-0.050897,0.0488977,0.161365
1,0.987462,-0.0516991,0.0594302,0.0739534
Agent ID,3
Number of waypoints,3
0,0,-0.0359541,0.0488933,0.107374
1,0.468104,-0.0359541,0.0488933,0.0605636
2,0.662794,-0.0242135,0.0411649,0.0605636
Agent ID,4
Number of waypoints,3
0,0,-0.00161611,-0.00272225,0.149423
1,0.606209,0.0260178,-0.00272225,0.116436
2,0.673136,0.0260178,0.00397047,0.116436
Agent ID,5
Number of waypoints,2
0,0,0.00288707,0.00991694,0.113314
1,0.843027,-0.00903552,0.049215,0.080232
Agent ID,6
Number of waypoints,2
0,0,0.00613928,0.0531548,0.167582
1,0.647783,-0.00219832,0.0590965,0.117083
Agent ID,7
Number of waypoints,2
0,0,0.0144269,-0.0330331,0.0899572
1,0.792368,0.0396768,-0.0572414,0.0601786
