Agent ID,0
Number of waypoints,2
0,0,-0.0334917,0.0417932,0.0622904
1,0.498488,-0.00684386,0.0599662,0.0673184
Agent ID,1
Number of waypoints,3
0,0,-0.0191656,0.0307354,0.122764
1,0.998867,-0.0191656,-0.0261064,0.0797191
2,1.24766,-0.0440447,-0.0261064,0.0797191
Agent ID,2
Number of waypoints,3
0,0,-0.00613031,-0.0469539,0.172929
1,0.36265,-0.0106773,-0.0469539,0.141211
2,0.504319,-0.0106773,-0.032787,0.141211
Agent ID,3
Number of waypoints,2
0,0,0.0054341,-0.00317545,0.0777991
1,0.954903,0.0520538,-0.0189441,0.110901
Agent ID,4
Number of waypoints,2
0,0,0.0122516,-0.0457478,0.0772845
1,0.68262,-0.0451841,-0.0465861,0.0672965
Agent ID,5
Number of waypoints,2
0,0,0.0152516,0.0410537,0.134858
1,0.557897,0.0539201,0.0361365,0.147062
Agent ID,6
Number of waypoints,2
0,0,0.025354,0.0253493,0.162494
1,1.07647,0.0538834,-0.0339297,0.142655
Agent ID,7
Number of waypoints,2
0,0,0.0348705,0.00695885,0.0688392
1,0.328362,0.0389899,0.0307792,0.0737356
