Agent ID,0
Number of waypoints,2
0,0,-0.0463205,-0.0151262,0.0753158
1,0.693178,-0.00433649,-0.0200176,0.0977582
Agent ID,1
Number of waypoints,2
0,0,-0.0143226,-0.0538734,0.162648
1,0.312358,-0.0316171,-0.0484161,0.171132
Agent ID,2
Number of waypoints,2
0,0,0.00437356,-0.0454773,0.0745182
1,0.479018,-0.0257868,-0.0556781,0.0820588
Agent ID,3
Number of waypoints,3
0,0,0.00571472,0.0320827,0.121057
1,0.911808,-0.0580254,0.0320827,0.0936163
2,1.01867,-0.0580254,0.0427687,0.0936163
Agent ID,4
Number of waypoints,2
0,0,0.0248411,0.0308561,0.146627
1,0.821282,-0.0339089,0.0263249,0.165474
Agent ID,5
Number of waypoints,2
0,0,0.0272991,-0.0342236,0.165819
1,0.357937,0.0129353,-0.0411655,0.151331
Agent ID,6
Number of waypoints,2
0,0,0.0475775,0.0189268,0.139737
1,0.873073,0.033873,-0.018001,0.103062
Agent ID,7
Number of waypoints,2
0,0,0.0487664,-0.00909709,0.081169
1,0.690003,0.0555517,-0.0529083,0.0995728
