Agent ID,0
Number of waypoints,2
0,0,-0.0578694,0.0579544,0.0825987
1,0.252896,-0.0492317,0.0569002,0.0981964
Agent ID,1
Number of waypoints,2
0,0,-0.053384,-0.0306312,0.133921
1,0.828452,0.00315578,-0.0280118,0.157607
Agent ID,2
Number of waypoints,3
0,0,-0.0417754,0.00322004,0.152844
1,0.761085,0.0204301,0.00322004,0.138941
2,1.19264,0.0204301,0.046376,0.138941
Agent ID,3
Number of waypoints,3
0,0,-0.0402264,-0.0581309,0.133913
1,0.094649,-0.0307615,-0.0581309,0.133913
2,0.347934,-0.0307615,-0.0545304,0.112185
Agent ID,4
Number of waypoints,2
0,0,-0.0247816,-0.0405239,0.117184
1,0.58691,-0.0441424,-0.0388964,0.0794813
Agent ID,5
Number of waypoints,2
0,0,0.022574,-0.0206787,0.0821161
1,0.315617,0.0373175,-0.0258038,0.0938092
Agent ID,6
Number of waypoints,2
0,0,0.0261858,0.0334277,0.0744107
1,0.643402,-0.00476725,0.0124151,0.0867852
Agent ID,7
Number of waypoints,2
0,0,0.0485412,0.024295,0.104173
1,0.389297,0.0559754,0.0418632,0.0902457
