Agent ID,0
Number of waypoints,2
0,0,-0.0487655,0.0158883,0.071943
1,0.76201,-0.0404022,-0.00798139,0.115911
Agent ID,1
Number of waypoints,2
0,0,-0.0135548,0.0101271,0.0820095
1,0.798158,0.0199301,-0.0180053,0.100208
Agent ID,2
Number of waypoints,2
0,0,-0.0124984,0.0403294,0.122792
1,0.940093,0.0225631,0.0123267,0.0918469
Agent ID,3
Number of waypoints,3
0,0,0.0106337,-0.0514352,0.162913
1,0.12819,0.0106337,-0.0514352,0.150094
2,0.761111,-0.0475361,-0.0565575,0.150094
Agent ID,4
Number of waypoints,2
0,0,0.0163541,0.0583724,0.107189
1,0.641449,0.0222716,0.0370304,0.0703036
Agent ID,5
Number of waypoints,2
0,0,0.0411759,-0.00442187,0.127673
1,0.577608,0.0533995,0.0272713,0.141517
Agent ID,6
Number of waypoints,3
0,0,0.0477708,-0.0538723,0.0981531
1,0.37606,0.0281157,-0.0538723,0.116104
2,0.40364,0.0281157,-0.0511143,0.116104
Agent ID,7
Number of waypoints,2
0,0,0.055062,0.0383421,0.07205
1,0.678569,0.0496803,-0.00419829,0.0919848
