Agent ID,0
Number of waypoints,2
0,0,-0.0567052,0.0426666,0.0973307
1,0.44055,-0.043275,0.0315501,0.116839
Agent ID,1
Number of waypoints,2
0,0,-0.0441062,-0.0561837,0.0813914
1,1.54553,0.0397623,-0.0500102,0.145902
Agent ID,2
Number of waypoints,2
0,0,-0.043123,0.0343567,0.0916306
1,0.432864,-0.0304494,0.0548948,0.0815559
Agent ID,3
Number of waypoints,2
0,0,-0.039118,0.0186176,0.157245
1,0.313225,-0.0192046,0.0108715,0.160908
Agent ID,4
Number of waypoints,2
0,0,-0.0308477,0.0482807,0.12943
1,0.400133,-0.0237164,0.0158967,0.129928
Agent ID,5
Number of waypoints,2
0,0,-0.029216,-0.034798,0.146205
1,0.953675,0.0239599,-0.0253774,0.178976
Agent ID,6
Number of waypoints,4
0,0,0.0280626,0.0381149,0.0634379
1,0.069354,0.0280626,0.0381149,0.0703733
2,0.169218,0.038049,0.0381149,0.0703733
3,1.13978,0.038049,-0.0589416,0.0703733
Agent ID,7
Number of waypoints,2
0,0,0.0475726,-3.36164e-05,0.132491
1,0.219234,0.0504406,-0.013362,0.126764
