Agent ID,0
Number of waypoints,3
0,0,-0.0480366,-0.0524934,0.133339
1,0.174746,-0.030562,-0.0524934,0.133339
2,0.407526,-0.030562,-0.0559974,0.113565
Agent ID,1
Number of waypoints,2
0,0,-0.0426964,-0.00792868,0.129948
1,1.25717,-0.000973477,0.0168763,0.0707586
Agent ID,2
Number of waypoints,3
0,0,-0.0350693,0.0493201,0.130422
1,0.558304,-0.0350693,0.0493201,0.0745916
2,0.894583,-0.00598448,0.044777,0.0745916
Agent ID,3
Number of waypoints,2
0,0,-0.0178162,-0.0437346,0.111203
1,0.590319,-0.0107712,-0.0429419,0.0600088
Agent ID,4
Number of waypoints,2
0,0,-0.000454906,0.01558,0.103006
1,0.508989,0.0107815,0.0424137,0.0901772
Agent ID,5
Number of waypoints,2
0,0,0.00135944,-0.0428382,0.129306
1,0.767854,0.0305829,-0.0487921,0.170914
Agent ID,6
Number of waypoints,2
0,0,0.00185965,0.0446897,0.175882
1,1.29683,0.0358853,-0.00105117,0.125966
Agent ID,7
Number of waypoints,2
0,0,0.021073,0.0028144,0.0662992
1,0.466149,0.0287086,-0.0275162,0.0749479
