Agent ID,0
Number of waypoints,2
0,0,-0.0287405,0.0191417,0.139995
1,0.39946,-0.00716537,0.00728281,0.146507
Agent ID,1
Number of waypoints,2
0,0,-0.00922135,-0.0462966,0.113049
1,0.363897,-0.00182964,-0.0459331,0.0844145
Agent ID,2
Number of waypoints,2
0,0,-0.00677225,0.0560689,0.124527
1,0.266519,-0.0227159,0.0587532,0.132551
Agent ID,3
Number of waypoints,2
0,0,0.000171452,0.0111048,0.0724877
1,0.290507,-0.000547937,0.00230565,0.0920199
Agent ID,4
Number of waypoints,2
0,0,0.0378291,0.000917574,0.10994
1,0.584341,0.022922,0.00266458,0.15172
Agent ID,5
Number of waypoints,2
0,0,0.0432541,-0.0558182,0.145542
1,1.02314,-0.0197667,-0.0167216,0.145345
Agent ID,6
Number of waypoints,2
0,0,0.0517358,-0.0209999,0.0702511
1,0.230131,0.0442564,-0.0303794,0.0640969
Agent ID,7
Number of waypoints,2
0,0,0.0519735,-0.0288382,0.10297
1,0.821818,0.0138316,-0.00993128,0.128103
