Agent ID,0
Number of waypoints,2
0,0,-0.0497697,0.0385101,0.105728
1,0.918878,-0.0391793,-0.0154033,0.133112
Agent ID,1
Number of waypoints,2
0,0,-0.0440916,-0.0242965,0.162659
1,0.407226,-0.0534455,-0.0448442,0.151838
Agent ID,2
Number of waypoints,2
0,0,-0.0226848,-0.020879,0.0961304
1,0.503335,-0.0172099,-0.00144695,0.121557
Agent ID,3
Number of waypoints,2
0,0,0.00572387,-0.0200767,0.164791
1,0.663214,-0.029712,-0.0328332,0.146662
Agent ID,4
Number of waypoints,2
0,0,0.014135,0.0397185,0.148277
1,0.452266,0.0316445,0.0363494,0.172625
Agent ID,5
Number of waypoints,2
0,0,0.0190644,0.00318133,0.0711476
1,0.579906,0.0189592,-0.0149357,0.110916
Agent ID,6
Number of waypoints,2
0,0,0.0507998,-0.00199911,0.128619
1,0.787454,0.0576228,-0.0484335,0.103131
Agent ID,7
Number of waypoints,2
0,0,0.057434,0.0366812,0.0653346
1,1.18107,-0.000749068,0.0235193,0.112097
