Agent ID,0
Number of waypoints,3
0,0,-0.0521791,-0.0496209,0.10714
1,0.242124,-0.0410331,-0.0365545,0.10714
2,0.406674,-0.0410331,-0.0365545,0.123595
Agent ID,1
Number of waypoints,2
0,0,-0.0427084,-0.045431,0.0802066
1,0.323586,-0.0259498,-0.0396506,0.0900262
Agent ID,2
Number of waypoints,2
0,0,-0.0278665,0.0170394,0.149372
1,0.632176,-0.0474509,0.0595576,0.150487
Agent ID,3
Number of waypoints,2
0,0,-0.000970487,0.0295969,0.115462
1,0.487119,-0.0256147,0.0436916,0.125435
Agent ID,4
Number of waypoints,2
0,0,0.00857618,-0.0203333,0.125749
1,0.787431,0.0226862,-0.00352719,0.173576
Agent ID,5
Number of waypoints,2
0,0,0.0175914,-0.0539135,0.0695764
1,1.06421,0.000941335,0.0163983,0.0890357
Agent ID,6
Number of waypoints,2
0,0,0.0245082,0.0298839,0.0873797
1,0.601547,0.00751562,0.0579357,0.10249
Agent ID,7
Number of waypoints,3
0,0,0.0564441,-0.0384074,0.120309
1,0.02862,0.0564441,-0.0384074,0.117447
2,1.01079,0.0361993,0.0395652,0.117447
