Agent ID,0
Number of waypoints,3
0,0,-0.0421594,0.0401872,0.16549
1,0.705509,-0.0421594,0.0279163,0.10721
2,0.83613,-0.0552215,0.0279163,0.10721
Agent ID,1
Number of waypoints,2
0,0,-0.0100052,-0.0235117,0.0639763
1,1.12483,-0.0306198,0.00761186,0.124721
Agent ID,2
Number of waypoints,2
0,0,0.00511023,-0.0564298,0.175722
1,0.967435,-0.0527945,-0.03511,0.158203
Agent ID,3
Number of waypoints,3
0,0,0.00981745,-0.0490277,0.118177
1,0.618025,-0.042822,-0.0490277,0.12734
2,1.0619,-0.042822,-0.00464061,0.12734
Agent ID,4
Number of waypoints,3
0,0,0.0219025,0.0233839,0.11573
1,0.287422,0.00304134,0.0233839,0.105849
2,0.304731,0.00304134,0.0251148,0.105849
Agent ID,5
Number of waypoints,3
0,0,0.022558,0.0591807,0.120879
1,0.147692,0.0219697,0.0551278,0.110751
2,0.147692,0.0219697,0.0551278,0.110751
Agent ID,6
Number of waypoints,2
0,0,0.0544865,-0.0438452,0.173468
1,0.642482,0.0227194,-0.0496953,0.146837
Agent ID,7
Number of waypoints,2
0,0,0.056333,0.00560731,0.14101
1,0.946197,0.0123744,0.0201454,0.177133
