Agent ID,0
Number of waypoints,3
0,0,-0.0416565,-0.0486238,0.175175
1,0.17261,-0.0416565,-0.0495918,0.158882
2,0.332806,-0.0576761,-0.0495918,0.158882
Agent ID,1
Number of waypoints,2
0,0,-0.0354829,-0.0129303,0.141484
1,1.05497,-0.0234016,0.035371,0.0963698
Agent ID,2
Number of waypoints,2
0,0,-0.021878,-0.0254445,0.165236
1,1.68084,0.0355985,0.0435161,0.123589
Agent ID,3
Number of waypoints,2
0,0,-0.0167366,-0.00154366,0.0835228
1,0.446792,-0.0414249,0.00449662,0.0695722
Agent ID,4
Number of waypoints,2
0,0,-0.00614271,0.0229725,0.0946736
1,0.484104,0.0210412,0.0434265,0.0954461
Agent ID,5
Number of waypoints,2
0,0,0.00984301,0.0176934,0.060543
1,0.661322,0.0410616,-0.0121993,0.0655639
Agent ID,6
Number of waypoints,2
0,0,0.0276734,-0.0296784,0.130043
1,0.508788,0.0270909,0.0100179,0.119443
Agent ID,7
Number of waypoints,2
0,0,0.0277287,-0.0225647,0.176701
1,0.610761,0.0441806,0.00568245,0.160324
