Agent ID,0
Number of waypoints,2
0,0,-0.0571044,0.0322736,0.164669
1,0.162111,-0.0485287,0.035346,0.169232
Agent ID,1
Number of waypoints,2
0,0,-0.0418584,0.0573347,0.0903506
1,0.540538,-0.0546656,0.0518855,0.126148
Agent ID,2
Number of waypoints,2
0,0,-0.00209916,-0.012474,0.0668434
1,0.682909,0.0202481,-0.028951,0.09631
Agent ID,3
Number of waypoints,2
0,0,0.00134492,-0.0561034,0.0654873
1,0.76424,0.0577365,-0.0517528,0.0811691
Agent ID,4
Number of waypoints,4
0,0,0.0125391,0.0224974,0.0980553
1,0.088504,0.0125391,0.013647,0.0980553
2,0.159346,0.0196233,0.013647,0.0980553
3,0.590053,0.0196233,0.013647,0.141126
Agent ID,5
Number of waypoints,2
0,0,0.0304906,-0.029161,0.164699
1,0.367225,0.0252758,-0.0176393,0.144713
Agent ID,6
Number of waypoints,2
0,0,0.0354142,0.0405935,0.13462
1,0.701167,0.0167354,0.0469704,0.179681
Agent ID,7
Number of waypoints,2
0,0,0.0571098,0.00233592,0.10267
1,0.741616,0.0422796,-0.0287785,0.130887
