Agent ID,0
Number of waypoints,2
0,0,-0.0481159,0.000981059,0.131602
1,0.148472,-0.0477065,-0.00976076,0.127906
Agent ID,1
Number of waypoints,2
0,0,-0.0424147,-0.0494705,0.0751669
1,0.232148,-0.049548,-0.0378772,0.0706787
Agent ID,2
Number of waypoints,4
0,0,-0.024604,0.0482085,0.133054
1,0.09879,-0.024604,0.0482085,0.142933
2,0.281263,-0.024604,0.0299612,0.142933
3,0.389298,-0.0138005,0.0299612,0.142933
Agent ID,3
Number of waypoints,2
0,0,-0.0136991,-0.0298943,0.0629131
1,0.984003,-0.0427923,0.0234175,0.0789084
Agent ID,4
Number of waypoints,3
0,0,0.00065475,0.0382573,0.110066
1,0.08312,0.00065475,0.0382573,0.101754
2,0.908845,-0.0597851,0.0161246,0.101754
Agent ID,5
Number of waypoints,3
0,0,0.0268321,-0.0164741,0.0987434
1,0.739817,-0.0373407,-0.0164741,0.0889345
2,0.935861,-0.0373407,0.00313028,0.0889345
Agent ID,6
Number of waypoints,2
0,0,0.0345901,-0.056563,0.142929
1,0.758505,0.0132129,-0.0291737,0.170013
Agent ID,7
Number of waypoints,2
0,0,0.0599376,0.0289671,0.0929615
1,1.05146,0.0558209,0.0584484,0.164509
