Agent ID,0
Number of waypoints,3
0,0,-0.0170741,0.0483846,0.123733
1,0.46531,-0.0566281,0.0483846,0.116756
2,0.523084,-0.0566281,0.054162,0.116756
Agent ID,1
Number of waypoints,2
0,0,-0.00871541,0.0179277,0.167203
1,1.04746,-0.0566605,-0.0265309,0.179545
Agent ID,2
Number of waypoints,3
0,0,0.00415862,0.0450002,0.169057
1,0.582864,0.00415862,-0.0132862,0.169057
2,1.45944,-0.0493627,-0.0132862,0.134921
Agent ID,3
Number of waypoints,2
0,0,0.0216783,-0.0141541,0.100574
1,0.351489,0.0056175,-0.0314062,0.10241
Agent ID,4
Number of waypoints,2
0,0,0.0231965,-0.0500556,0.153006
1,0.421496,0.0119201,-0.0236264,0.148562
Agent ID,5
Number of waypoints,2
0,0,0.0450142,0.030382,0.174236
1,0.435243,0.0167437,0.0366398,0.16524
Agent ID,6
Number of waypoints,2
0,0,0.0571608,-0.0529302,0.0630823
1,1.10296,0.0411217,-0.0350897,0.139499
Agent ID,7
Number of waypoints,2
0,0,0.0593965,0.0225803,0.100905
1,1.11131,-0.00444756,0.00762915,0.133241
