Agent ID,0
Number of waypoints,2
0,0,-0.0524682,-0.0357052,0.118512
1,0.724762,-0.0463809,-5.42988e-05,0.14925
Agent ID,1
Number of waypoints,2
0,0,-0.0264523,0.0147575,0.0659127
1,0.859843,-0.0303232,-0.0313386,0.10193
Agent ID,2
Number of waypoints,2
0,0,-0.0133391,0.0495019,0.0837371
1,0.988329,-0.0594034,0.0389872,0.125991
Agent ID,3
Number of waypoints,3
0,0,-0.00594711,0.0597523,0.161747
1,0.672714,-0.00594711,0.0157119,0.138516
2,0.756257,-0.0143014,0.0157119,0.138516
Agent ID,4
Number of waypoints,2
0,0,0.000699949,-0.0480702,0.166585
1,0.520153,-0.0378821,-0.038207,0.163015
Agent ID,5
Number of waypoints,2
0,0,0.043572,0.00398231,0.0656767
1,1.55385,-0.00822324,-0.0210142,0.14427
Agent ID,6
Number of waypoints,3
0,0,0.0469756,0.0409437,0.154048
1,0.436447,0.0469756,-0.002701,0.154048
2,0.805962,0.0193401,-0.002701,0.163364
Agent ID,7
Number of waypoints,3
0,0,0.0519721,-0.0554583,0.0620159
1,1.02105,0.0268875,-0.0554583,0.139036
2,1.37749,0.0268875,-0.0198142,0.139036
