Agent ID,0
Number of waypoints,2
0,0,-0.0424268,-0.0161356,0.162944
1,0.458903,-0.0510254,0.00337214,0.14516
Agent ID,1
Number of waypoints,2
0,0,-0.017247,0.0327483,0.0841801
1,0.727545,-0.0562795,0.0470964,0.103554
Agent ID,2
Number of waypoints,2
0,0,-0.0102519,-0.0347006,0.067571
1,0.873273,-0.0591698,-0.0598378,0.0808432
Agent ID,3
Number of waypoints,2
0,0,-0.000509668,-0.0540297,0.156506
1,1.1209,-0.0369145,0.000341497,0.135192
Agent ID,4
Number of waypoints,2
0,0,0.00467771,-0.0396151,0.176159
1,0.470532,-0.00403587,-0.00457944,0.179463
Agent ID,5
Number of waypoints,2
0,0,0.021013,-0.0568204,0.075704
1,0.811576,0.0130785,0.0117014,0.0804053
Agent ID,6
Number of waypoints,2
0,0,0.0227769,-0.0445467,0.145327
1,1.53948,0.0245746,0.0537117,0.0914346
Agent ID,7
Number of waypoints,3
0,0,0.0350988,-0.0413036,0.163899
1,0.111364,0.0410902,-0.0413036,0.158754
2,0.550222,0.0410902,0.00258221,0.158754
