Agent ID,0
Number of waypoints,3
0,0,-0.0537389,0.0037485,0.100658
1,0.237775,-0.0299614,0.0037485,0.100658
2,0.882074,-0.0299614,-0.0275794,0.13376
Agent ID,1
Number of waypoints,2
0,0,-0.0483688,0.0493352,0.0993335
1,0.309007,-0.0386615,0.0292873,0.100479
Agent ID,2
Number of waypoints,3
0,0,-0.00723786,-0.00858306,0.156099
1,0.308192,-0.00723786,-0.0394023,0.156099
2,0.504893,-0.00523576,-0.0394023,0.173767
Agent ID,3
Number of waypoints,2
0,0,-0.00498343,-0.0558352,0.0767519
1,0.351192,-0.0017337,-0.0288689,0.0816551
Agent ID,4
Number of waypoints,2
0,0,0.00668131,0.0408361,0.0736265
1,0.593947,-0.00481346,0.0143888,0.0950791
Agent ID,5
Number of waypoints,2
0,0,0.0236163,0.056577,0.162564
1,0.638689,-0.0160335,0.0536479,0.141274
Agent ID,6
Number of waypoints,2
0,0,0.0284263,0.0437201,0.0660914
1,0.766282,0.0352503,0.0179775,0.110153
Agent ID,7
Number of waypoints,2
0,0,0.0384183,0.0495954,0.146082
1,0.733605,0.0284357,-0.00510051,0.1374
