Agent ID,0
Number of waypoints,2
0,0,-0.0582117,0.000543788,0.146314
1,1.55082,-0.0402021,0.0552174,0.0639148
Agent ID,1
Number of waypoints,2
0,0,-0.0541579,-0.0334836,0.113221
1,1.23975,-0.00575255,-0.0107804,0.0603545
Agent ID,2
Number of waypoints,2
0,0,-0.0384766,0.0437044,0.172677
1,0.657547,-0.0242572,0.0406671,0.124179
Agent ID,3
Number of waypoints,2
0,0,-0.0383575,-0.0253239,0.166985
1,0.658242,-0.0175941,0.0163819,0.17034
Agent ID,4
Number of waypoints,2
0,0,-0.0309777,-0.038582,0.143216
1,0.794674,-0.0108491,-0.0132142,0.109245
Agent ID,5
Number of waypoints,2
0,0,0.0157406,0.045905,0.0894707
1,0.332051,0.03103,0.0390766,0.100558
Agent ID,6
Number of waypoints,2
0,0,0.0269788,0.0225156,0.164056
1,0.25663,0.0196038,0.0172116,0.151072
Agent ID,7
Number of waypoints,2
0,0,0.0589959,-0.0247872,0.165938
1,0.435169,0.0353701,-0.0154981,0.155336
