Agent ID,0
Number of waypoints,3
0,0,-0.0506055,0.0290153,0.115723
1,0.921228,-0.00110579,-0.00353075,0.1258
2,0.921228,-0.00110579,-0.00353075,0.1258
Agent ID,1
Number of waypoints,2
0,0,-0.0367816,-0.0521935,0.0823124
1,0.477594,-0.00383758,-0.0396323,0.0800582
Agent ID,2
Number of waypoints,2
0,0,-0.0189974,0.0453715,0.135567
1,1.54265,0.0413914,0.0247314,0.0623307
Agent ID,3
Number of waypoints,2
0,0,-0.0115348,0.0230768,0.170147
1,0.744752,0.0315289,0.0128373,0.148975
Agent ID,4
Number of waypoints,3
0,0,-0.00811237,0.0579974,0.0818304
1,0.212565,-0.00811237,0.0579974,0.0605739
2,0.532376,0.00624073,0.0403694,0.0605739
Agent ID,5
Number of waypoints,2
0,0,-0.00192774,-0.0334159,0.128751
1,0.666153,-0.0402218,-0.0457521,0.112766
Agent ID,6
Number of waypoints,2
0,0,0.0104457,0.00576081,0.105304
1,0.230305,0.0316787,0.00643235,0.10643
Agent ID,7
Number of waypoints,2
0,0,0.0109168,-0.0348489,0.147212
1,0.644183,0.0484164,-0.0591246,0.144569
