Agent ID,0
Number of waypoints,2
0,0,-0.0339186,-0.00976053,0.179673
1,0.430409,-0.0248744,0.000331169,0.155768
Agent ID,1
Number of waypoints,2
0,0,-0.011642,-0.00734464,0.149738
1,1.02991,-0.0277829,-0.0599489,0.115492
Agent ID,2
Number of waypoints,3
0,0,-0.00368849,0.0317996,0.108871
1,0.458516,-0.00368849,0.0317996,0.0630194
2,0.981577,-0.037222,0.013027,0.0630194
Agent ID,3
Number of waypoints,2
0,0,-0.00109237,0.00311419,0.096494
1,1.02338,0.0473083,-0.0429265,0.104391
Agent ID,4
Number of waypoints,2
0,0,6.67449e-05,-0.0244767,0.0903711
1,0.519646,0.0212332,-0.0448303,0.0799266
Agent ID,5
Number of waypoints,4
0,0,0.0109693,0.0586464,0.0986055
1,0.327185,0.0109693,0.0259279,0.0986055
2,0.61709,0.0251763,0.0259279,0.113389
3,0.61709,0.0251763,0.0259279,0.113389
Agent ID,6
Number of waypoints,2
0,0,0.0154266,-0.0511436,0.166395
1,0.49964,-0.00895482,-0.0596012,0.14927
Agent ID,7
Number of waypoints,2
0,0,0.017428,0.0263524,0.171055
1,0.708244,0.00813588,-0.0308239,0.175411
