Agent ID,0
Number of waypoints,2
0,0,-0.0474248,0.0380419,0.0832628
1,1.17477,0.0411696,0.0505409,0.0668788
Agent ID,1
Number of waypoints,2
0,0,-0.0467018,0.012561,0.0893187
1,0.799335,-0.0170657,0.0396541,0.112523
Agent ID,2
Number of waypoints,2
0,0,-0.0405509,-0.00186642,0.0884915
1,1.00048,0.0025555,0.0331647,0.0665814
Agent ID,3
Number of waypoints,2
0,0,-0.0354402,-0.0184021,0.0772349
1,0.484161,-0.022092,-0.0256869,0.105018
Agent ID,4
Number of waypoints,2
0,0,0.00736382,0.0400324,0.173547
1,0.396124,-0.010644,0.0293438,0.162631
Agent ID,5
Number of waypoints,3
0,0,0.00824735,0.028215,0.130999
1,0.050539,0.00824735,0.0231611,0.130999
2,0.850152,0.0484674,0.0231611,0.0912577
Agent ID,6
Number of waypoints,3
0,0,0.0177261,0.000923386,0.0930899
1,0.058402,0.0172825,0.000923386,0.0876933
2,0.131668,0.0172825,0.00825001,0.0876933
Agent ID,7
Number of waypoints,2
0,0,0.0456947,-0.00543435,0.131923
1,0.369479,0.0486208,0.00916346,0.151347
