Agent ID,0
Number of waypoints,2
0,0,-0.0578371,0.0236631,0.1058
1,0.580373,-0.0394599,0.00171499,0.123512
Agent ID,1
Number of waypoints,2
0,0,-0.0406506,0.0273423,0.160995
1,0.523816,-0.0278715,0.0380668,0.132117
Agent ID,2
Number of waypoints,2
0,0,-0.0137544,-0.0508153,0.165065
1,0.908714,-0.0513897,-0.0587864,0.1198
Agent ID,3
Number of waypoints,2
0,0,-0.00198068,-0.0212152,0.0712416
1,0.718931,-0.0431213,-0.0460836,0.0771257
Agent ID,4
Number of waypoints,2
0,0,0.0430225,-0.0200326,0.0679305
1,0.644753,0.00885682,-0.0493463,0.0669346
Agent ID,5
Number of waypoints,2
0,0,0.0430839,0.0413307,0.0928129
1,0.60489,0.010313,0.0367751,0.0696504
Agent ID,6
Number of waypoints,3
0,0,0.043254,0.0216288,0.147531
1,0.495447,0.043254,-0.0279159,0.147531
2,0.967028,0.0213909,-0.0279159,0.172826
Agent ID,7
Number of waypoints,2
0,0,0.0470405,-0.0444175,0.0909132
1,0.578725,0.00619137,-0.0466881,0.105666
