Agent ID,0
Number of waypoints,3
0,0,-0.0173691,0.0141125,0.0866366
1,0.075192,-0.0173691,0.0141125,0.0791174
2,0.44238,-0.048339,0.0198614,0.0791174
Agent ID,1
Number of waypoints,2
0,0,0.00464669,0.0228198,0.0840157
1,1.34812,-0.043703,0.00775216,0.15541
Agent ID,2
Number of waypoints,2
0,0,0.0112625,-0.0454779,0.108258
1,1.15682,-0.0422556,-0.0349798,0.159924
Agent ID,3
Number of waypoints,2
0,0,0.0136415,0.0487959,0.151912
1,0.101177,0.00661126,0.0487694,0.148851
Agent ID,4
Number of waypoints,2
0,0,0.0314754,0.0162874,0.122028
1,0.689947,0.013407,-0.0215909,0.135076
Agent ID,5
Number of waypoints,2
0,0,0.0438723,0.0446567,0.149504
1,1.8976,-0.0573501,-0.0180904,0.175294
Agent ID,6
Number of waypoints,5
0,0,0.0463802,0.0138492,0.138973
1,0.324827,0.0436918,-0.00195463,0.134822
2,0.406033,0.0455484,-0.00821876,0.134822
3,0.406033,0.0455484,-0.00821876,0.134822
4,0.537445,0.0512425,-0.0156658,0.134822
Agent ID,7
Number of waypoints,2
0,0,0.053478,-0.0112408,0.117299
1,0.812067,0.0296909,-0.0488754,0.137084
