Agent ID,0
Number of waypoints,2
0,0,-0.0325959,-0.0375204,0.0615267
1,0.196497,-0.0223002,-0.0414767,0.0669244
Agent ID,1
Number of waypoints,3
0,0,-0.0252431,-0.0439093,0.0956726
1,0.187372,-0.03311,-0.0547796,0.0956726
2,0.481996,-0.03311,-0.0547796,0.125135
Agent ID,2
Number of waypoints,2
0,0,-0.0226357,-0.0535333,0.154692
1,0.551895,-0.0470123,-0.0444724,0.176444
Agent ID,3
Number of waypoints,2
0,0,0.0104169,0.00784133,0.16097
1,0.691353,-0.0265494,0.0287803,0.1722
Agent ID,4
Number of waypoints,3
0,0,0.0160339,0.0498007,0.0938522
1,0.177342,0.0175202,0.0498007,0.0776043
2,0.322449,0.0175202,0.03529,0.0776043
Agent ID,5
Number of waypoints,2
0,0,0.0178093,-0.0503586,0.115399
1,0.243927,0.0265113,-0.0428919,0.123623
Agent ID,6
Number of waypoints,2
0,0,0.0267824,-0.0522751,0.15284
1,0.276228,0.0110504,-0.0565549,0.160451
Agent ID,7
Number of waypoints,2
0,0,0.035629,-0.015866,0.134683
1,1.31086,-0.0118331,-0.0571398,0.177033
