Agent ID,0
Number of waypoints,2
0,0,-0.0579559,0.0347808,0.12639
1,0.791743,-0.0576088,-0.0267464,0.14369
Agent ID,1
Number of waypoints,3
0,0,-0.0130216,-0.00296489,0.173491
1,0.0060775,-0.0130216,-0.00357264,0.173491
2,0.236983,-0.0260092,-0.00357264,0.163388
Agent ID,2
Number of waypoints,3
0,0,-0.00239931,-0.0176189,0.147773
1,0.419672,-0.00239931,-0.0595861,0.147773
2,0.841713,0.00748282,-0.0595861,0.115451
Agent ID,3
Number of waypoints,2
0,0,0.000148273,0.00278484,0.158423
1,0.503458,0.0158667,-0.0120165,0.138597
Agent ID,4
Number of waypoints,3
0,0,0.0147466,0.0438651,0.140352
1,0.683892,0.0147466,0.0438651,0.0719628
2,1.3886,-0.00397264,-0.00788604,0.0719628
Agent ID,5
Number of waypoints,2
0,0,0.0232635,-0.00389022,0.161468
1,0.607444,0.0589653,0.0192644,0.15958
Agent ID,6
Number of waypoints,2
0,0,0.0248319,-0.0381562,0.10313
1,0.202669,0.0260266,-0.0497706,0.0956722
Agent ID,7
Number of waypoints,2
0,0,0.047884,-0.0546179,0.0924461
1,0.276985,0.0445421,-0.0373941,0.0995789
