Agent ID,0
Number of waypoints,2
0,0,-0.0576907,-0.0589921,0.0621748
1,1.84697,0.00690423,-0.0406308,0.163916
Agent ID,1
Number of waypoints,2
0,0,-0.0537216,-0.0183795,0.0673823
1,1.0249,-0.0455806,0.000361731,0.14299
Agent ID,2
Number of waypoints,3
0,0,-0.0278128,-0.0243086,0.0861675
1,1.07202,0.0329333,-0.0243086,0.132623
2,1.09588,0.0329333,-0.0219226,0.132623
Agent ID,3
Number of waypoints,2
0,0,-0.0242029,-0.00463923,0.133884
1,0.406129,-0.019821,0.00367878,0.161797
Agent ID,4
Number of waypoints,2
0,0,0.0145121,0.0410313,0.0943226
1,0.795383,-0.045301,0.0580095,0.0970696
Agent ID,5
Number of waypoints,3
0,0,0.0174069,-0.0132396,0.178897
1,0.410434,0.0174069,-0.054283,0.178897
2,0.70287,0.0440505,-0.054283,0.176297
Agent ID,6
Number of waypoints,3
0,0,0.0285267,-0.0108217,0.0620646
1,0.769672,0.0285267,-0.0553201,0.0945334
2,1.00598,0.0521578,-0.0553201,0.0945334
Agent ID,7
Number of waypoints,2
0,0,0.0485588,0.0175296,0.159596
1,0.527311,0.024578,0.0361059,0.149422
