Agent ID,0
Number of waypoints,2
0,0,-0.0431512,-0.0359182,0.0958793
1,1.19001,-0.0395017,0.00178073,0.173532
Agent ID,1
Number of waypoints,2
0,0,-0.0381067,0.0218852,0.0851084
1,0.792293,-0.0112344,0.0551766,0.104174
Agent ID,2
Number of waypoints,3
0,0,0.00222922,-0.014382,0.141795
1,0.0824993,-0.00602071,-0.014382,0.141795
2,0.309136,-0.00602071,0.00188171,0.148195
Agent ID,3
Number of waypoints,2
0,0,0.00570292,-0.0480236,0.14078
1,0.234863,0.00170035,-0.0505903,0.123863
Agent ID,4
Number of waypoints,2
0,0,0.0111901,-0.0367442,0.0686603
1,0.428286,-0.0166653,-0.0498009,0.0705768
Agent ID,5
Number of waypoints,4
0,0,0.0383655,-0.0331946,0.160747
1,0.309136,0.0154058,-0.0317557,0.154232
2,0.78552,0.0154058,0.0158826,0.154232
3,1.04713,-0.0101274,0.0165107,0.154232
Agent ID,6
Number of waypoints,2
0,0,0.0540965,-0.0510936,0.16269
1,0.908979,0.0336465,0.00655326,0.149889
Agent ID,7
Number of waypoints,2
0,0,0.0599512,0.00826307,0.137763
1,0.597249,0.0405417,0.0399175,0.146424
