Agent ID,0
Number of waypoints,2
0,0,-0.0275618,-0.0502542,0.0995796
1,0.676074,-0.0435027,-0.0252231,0.126215
Agent ID,1
Number of waypoints,3
0,0,-0.023424,-0.0598317,0.167367
1,0.531573,0.00083135,-0.0598317,0.138465
2,1.29422,0.00083135,0.0164333,0.138465
Agent ID,2
Number of waypoints,2
0,0,-0.0143801,0.0399824,0.136324
1,0.56934,-0.0594638,0.0352321,0.129224
Agent ID,3
Number of waypoints,2
0,0,0.00114184,0.00962235,0.0701714
1,0.881432,0.0497829,-0.00876383,0.0912874
Agent ID,4
Number of waypoints,2
0,0,0.00517735,-0.0519044,0.0612073
1,0.350484,0.02959,-0.049166,0.0691047
Agent ID,5
Number of waypoints,2
0,0,0.0451825,-0.0359616,0.165978
1,0.427501,0.0437981,-0.0214749,0.139099
Agent ID,6
Number of waypoints,2
0,0,0.0578836,0.0362729,0.162779
1,0.52861,0.0487929,0.00476463,0.175041
Agent ID,7
Number of waypoints,2
0,0,0.0598209,0.0277952,0.0656236
1,0.477169,0.043021,0.0544445,0.0613559
