Agent ID,0
Number of waypoints,2
0,0,-0.0335543,0.00568135,0.118272
1,0.763236,0.0274072,0.0040423,0.104549
Agent ID,1
Number of waypoints,2
0,0,-0.0291816,0.00710621,0.149991
1,0.773788,-0.049025,0.0571466,0.157486
Agent ID,2
Number of waypoints,2
0,0,-0.024201,-0.0545242,0.0747188
1,0.372973,-0.04503,-0.0594465,0.0862648
Agent ID,3
Number of waypoints,2
0,0,-0.0220785,-0.041308,0.0930814
1,0.538356,0.0206786,-0.0309208,0.0923901
Agent ID,4
Number of waypoints,2
0,0,0.0115998,-0.00685967,0.163588
1,0.546066,-0.0137152,-0.0199573,0.179782
Agent ID,5
Number of waypoints,2
0,0,0.0194749,-0.0102619,0.0844361
1,0.504285,0.041789,-0.0155623,0.0616221
Agent ID,6
Number of waypoints,2
0,0,0.0362798,-0.0497069,0.164593
1,0.944392,0.0596096,0.000927547,0.144118
Agent ID,7
Number of waypoints,2
0,0,0.0364114,0.0187229,0.113595
1,0.875556,0.0567456,0.0563427,0.0839934
