Agent ID,0
Number of waypoints,2
0,0,-0.0360767,-0.00961084,0.137569
1,0.0929611,-0.0388816,-0.00965005,0.144021
Agent ID,1
Number of waypoints,3
0,0,-0.0257089,0.0222413,0.0952387
1,0.263269,-0.0257089,0.0222413,0.0689118
2,0.565809,-0.0508134,0.0170918,0.0689118
Agent ID,2
Number of waypoints,3
0,0,-0.002339,-0.00741434,0.110775
1,0.2732,-0.002339,-0.00741434,0.083455
2,0.849431,-0.0454314,-0.021945,0.083455
Agent ID,3
Number of waypoints,2
0,0,0.0226971,-0.0247767,0.164738
1,0.925997,-0.0557072,-0.0172503,0.171407
Agent ID,4
Number of waypoints,2
0,0,0.0353322,-0.0143736,0.160802
1,0.248842,0.0442532,-0.0205238,0.150989
Agent ID,5
Number of waypoints,2
0,0,0.0399085,-0.0143185,0.0891194
1,0.271987,0.0488166,-0.00714889,0.0779984
Agent ID,6
Number of waypoints,2
0,0,0.0557892,0.0561775,0.134752
1,1.93771,-0.027607,0.0178554,0.0626997
Agent ID,7
Number of waypoints,2
0,0,0.0561194,-0.00376596,0.175635
1,0.657373,0.0387299,0.0147478,0.145801
