Agent ID,0
Number of waypoints,2
0,0,-0.0366894,0.00831937,0.125022
1,0.712981,-0.0583421,0.0105618,0.172425
Agent ID,1
Number of waypoints,2
0,0,-0.0279101,-0.0141752,0.0795345
1,0.844946,-0.00100752,0.0261717,0.0622894
Agent ID,2
Number of waypoints,2
0,0,-0.00987577,-0.0540078,0.111952
1,1.13872,-0.0592043,-0.00612912,0.128617
Agent ID,3
Number of waypoints,2
0,0,-0.00247856,-0.0391913,0.0727927
1,0.255588,0.0130331,-0.0423447,0.0796864
Agent ID,4
Number of waypoints,3
0,0,-0.00219924,-0.0155341,0.133692
1,0.2778,-0.00219924,-0.0155341,0.105912
2,0.652251,-0.0130013,0.0111089,0.105912
Agent ID,5
Number of waypoints,2
0,0,0.024821,-0.0520851,0.154275
1,0.643105,0.00871479,-0.00941885,0.159813
Agent ID,6
Number of waypoints,2
0,0,0.0382931,0.0232753,0.0781037
1,0.446623,0.016234,0.00713538,0.084567
Agent ID,7
Number of waypoints,2
0,0,0.0441109,-0.0457286,0.118412
1,1.41222,0.0232232,0.0499277,0.14309
