Agent ID,0
Number of waypoints,2
0,0,-0.0490172,0.0529228,0.107032
1,0.830074,0.0105611,0.0405337,0.118072
Agent ID,1
Number of waypoints,2
0,0,-0.0423529,-0.0224201,0.177162
1,0.69698,-0.00365285,-0.0115121,0.157072
Agent ID,2
Number of waypoints,3
0,0,-0.0345736,0.036192,0.078532
1,0.038208,-0.0345736,0.036192,0.0747112
2,0.595966,-0.0304957,-0.0155059,0.0747112
Agent ID,3
Number of waypoints,2
0,0,-0.0162266,0.00644193,0.158522
1,0.332602,0.0098365,0.00287081,0.154896
Agent ID,4
Number of waypoints,2
0,0,-0.0145423,-0.0337966,0.15437
1,0.439443,-0.0245206,-0.0232846,0.130916
Agent ID,5
Number of waypoints,2
0,0,-0.00688293,0.0268472,0.127222
1,0.297399,-0.00766605,0.0195444,0.148876
Agent ID,6
Number of waypoints,2
0,0,0.027489,-0.0362546,0.0629862
1,1.19648,-0.0390313,-0.0556426,0.0967261
Agent ID,7
Number of waypoints,2
0,0,0.035053,0.00969426,0.098887
1,0.532025,0.00500832,-0.006194,0.0916174
