Agent ID,0
Number of waypoints,2
0,0,-0.0490774,-0.0238061,0.143296
1,0.780154,-0.0502885,0.0352502,0.125548
Agent ID,1
Number of waypoints,2
0,0,-0.033219,-0.00509683,0.16929
1,0.678074,-0.00701898,0.0169015,0.149681
Agent ID,2
Number of waypoints,3
0,0,-0.0217046,-0.0352165,0.175123
1,0.686589,0.0422713,-0.0352165,0.179806
2,0.899775,0.0422713,-0.0138979,0.179806
Agent ID,3
Number of waypoints,2
0,0,0.00488181,0.0117252,0.08065
1,0.800095,-0.0304508,-0.0202468,0.0679451
Agent ID,4
Number of waypoints,3
0,0,0.0300511,0.0468974,0.0764397
1,0.151333,0.0300511,0.0468974,0.0613064
2,0.375633,0.0107735,0.0500498,0.0613064
Agent ID,5
Number of waypoints,2
0,0,0.046589,-0.00605108,0.0805366
1,1.26638,0.0494055,-0.0394591,0.17095
Agent ID,6
Number of waypoints,2
0,0,0.0504502,0.0468787,0.0928911
1,1.33232,0.0103469,0.0389934,0.178135
Agent ID,7
Number of waypoints,3
0,0,0.0542328,0.0111023,0.0730137
1,0.968232,0.000909923,0.0111023,0.116514
2,0.970935,0.000909923,0.0113726,0.116514
