Agent ID,0
Number of waypoints,4
0,0,-0.0413919,0.0194705,0.0935415
1,0.098892,-0.0315027,0.0194705,0.0935415
2,0.222819,-0.0315027,0.0194705,0.0811488
3,0.260918,-0.0315027,0.0232804,0.0811488
Agent ID,1
Number of waypoints,2
0,0,-0.0326456,-0.0582037,0.0975243
1,1.763,-0.0439461,0.0431529,0.161167
Agent ID,2
Number of waypoints,2
0,0,-0.0236534,-0.0271035,0.066716
1,0.539306,-0.0427273,0.00694346,0.0675257
Agent ID,3
Number of waypoints,2
0,0,0.0105116,0.0445244,0.0975123
1,0.813723,-0.0466843,0.0428377,0.120002
Agent ID,4
Number of waypoints,2
0,0,0.0405121,-0.0215995,0.101881
1,0.48426,0.01556,-0.0170326,0.120788
Agent ID,5
Number of waypoints,3
0,0,0.0487754,0.038408,0.124781
1,0.3688,0.0487754,0.001528,0.124781
2,0.633561,0.0342403,0.001528,0.136722
Agent ID,6
Number of waypoints,3
0,0,0.0505573,-0.00293358,0.150158
1,0.177929,0.0437374,-0.00293358,0.139185
2,0.354219,0.0437374,-0.0205626,0.139185
Agent ID,7
Number of waypoints,2
0,0,0.0565279,-0.0475476,0.0806459
1,0.888707,0.0190997,-0.0416352,0.126176
