Agent ID,0
Number of waypoints,2
0,0,-0.0387613,-0.0263923,0.125527
1,0.703306,-0.0520366,0.019241,0.136949
Agent ID,1
Number of waypoints,2
0,0,-0.0289019,-0.0449536,0.0844516
1,1.02477,-0.0234212,0.0239839,0.11251
Agent ID,2
Number of waypoints,2
0,0,-0.025589,0.00255272,0.165857
1,0.143098,-0.0247025,0.00969798,0.172135
Agent ID,3
Number of waypoints,2
0,0,-0.01171,-0.0476239,0.123158
1,0.592799,-0.0396343,-0.0301703,0.13706
Agent ID,4
Number of waypoints,3
0,0,0.0158756,0.0277704,0.0925652
1,0.231668,0.0159939,0.00472195,0.0925652
2,0.420606,0.0159939,0.00472195,0.111459
Agent ID,5
Number of waypoints,2
0,0,0.0250943,0.00886034,0.175074
1,0.426078,0.0133465,0.0150503,0.150404
Agent ID,6
Number of waypoints,2
0,0,0.0441663,0.0283483,0.16637
1,0.288728,0.059014,0.0398814,0.163878
Agent ID,7
Number of waypoints,2
0,0,0.0457534,-0.0424207,0.138603
1,0.692169,0.0528358,-0.0223292,0.09656
