Agent ID,0
Number of waypoints,2
0,0,-0.00237479,0.0381632,0.144184
1,0.683392,-0.031189,0.0473232,0.174549
Agent ID,1
Number of waypoints,2
0,0,-0.00232659,-0.0176044,0.144939
1,1.14125,-0.0582822,0.0177945,0.122169
Agent ID,2
Number of waypoints,2
0,0,7.72588e-05,-0.0553848,0.0812173
1,1.08736,-0.0511564,0.000621765,0.0797219
Agent ID,3
Number of waypoints,2
0,0,0.0297406,-0.0320116,0.114295
1,1.54995,0.0105098,0.0573849,0.0679273
Agent ID,4
Number of waypoints,2
0,0,0.0317786,-0.0190701,0.165478
1,0.297808,0.00820701,-0.0245853,0.166172
Agent ID,5
Number of waypoints,2
0,0,0.0344871,0.0556726,0.144077
1,0.609939,0.0594581,0.0463597,0.170787
Agent ID,6
Number of waypoints,2
0,0,0.0378563,-0.0389481,0.148269
1,0.165479,0.0325775,-0.0444992,0.142551
Agent ID,7
Number of waypoints,2
0,0,0.056677,-0.0340259,0.0808102
1,0.517393,0.02687,-0.0161744,0.0767294
