Agent ID,0
Number of waypoints,3
0,0,-0.0329038,0.0229657,0.151571
1,0.01062,-0.0329038,0.0229657,0.152633
2,0.517723,-0.0496672,-0.0109812,0.152633
Agent ID,1
Number of waypoints,2
0,0,-0.0174278,0.0357719,0.129035
1,0.143408,-0.0146036,0.0305013,0.122789
Agent ID,2
Number of waypoints,3
0,0,-0.0149867,-0.0414435,0.104059
1,0.205425,-0.0278558,-0.0337701,0.104059
2,0.538305,-0.0278558,-0.0337701,0.137347
Agent ID,3
Number of waypoints,2
0,0,-0.00468125,-0.00831728,0.0951044
1,0.830615,-0.0485118,0.00532592,0.0695167
Agent ID,4
Number of waypoints,2
0,0,0.0104236,-0.0276776,0.0690773
1,0.386766,-0.0091629,-0.0244451,0.0849349
Agent ID,5
Number of waypoints,2
0,0,0.0145491,0.0490378,0.0820658
1,0.789706,-0.0529663,0.0407126,0.0789358
Agent ID,6
Number of waypoints,2
0,0,0.0339459,0.0494716,0.0862255
1,1.09234,-0.0232191,0.0598063,0.12796
Agent ID,7
Number of waypoints,2
0,0,0.0416369,-0.0427413,0.0774269
1,0.707859,0.0191211,0.00333245,0.0752306
