Agent ID,0
Number of waypoints,2
0,0,-0.0592097,0.0115887,0.119218
1,0.843784,-0.0212616,-0.00747562,0.146584
Agent ID,1
Number of waypoints,2
0,0,-0.0248508,0.0502139,0.117616
1,0.19811,-0.0392722,0.0504065,0.112419
Agent ID,2
Number of waypoints,2
0,0,-0.0124844,0.0502781,0.139677
1,0.520203,-0.0270721,0.0292395,0.123283
Agent ID,3
Number of waypoints,2
0,0,0.0139319,0.0469366,0.128867
1,0.429524,0.0272676,0.0220569,0.12413
Agent ID,4
Number of waypoints,2
0,0,0.0364947,0.0389898,0.170224
1,0.628288,0.0149803,0.0277694,0.14013
Agent ID,5
Number of waypoints,2
0,0,0.036521,-0.0285672,0.156501
1,0.270271,0.0258301,-0.0215,0.147232
Agent ID,6
Number of waypoints,3
0,0,0.038341,-0.0440611,0.15399
1,0.048068,0.038341,-0.0488679,0.15399
2,0.459963,0.0100045,-0.0488679,0.141137
Agent ID,7
Number of waypoints,2
0,0,0.0453297,-0.0104692,0.0738217
1,0.727339,0.0428758,0.0193485,0.114284
