Agent ID,0
Number of waypoints,3
0,0,-0.045458,0.00149679,0.0654234
1,0.494784,-0.0404942,0.00149679,0.109938
2,0.648055,-0.0404942,0.0168239,0.109938
Agent ID,1
Number of waypoints,3
0,0,-0.0450559,-0.049714,0.107681
1,0.457061,-0.00949193,-0.0598561,0.107681
2,0.807991,-0.00949193,-0.0598561,0.142774
Agent ID,2
Number of waypoints,3
0,0,-0.0300675,-0.000126219,0.116827
1,0.303227,-0.0327447,-0.0277717,0.116827
2,0.373607,-0.0327447,-0.0277717,0.123865
Agent ID,3
Number of waypoints,2
0,0,-0.0257259,0.0347383,0.17778
1,0.308485,-0.0191914,0.0116703,0.179026
Agent ID,4
Number of waypoints,2
0,0,0.0197524,0.0125244,0.0817911
1,1.28855,0.0145278,-0.0162484,0.176649
Agent ID,5
Number of waypoints,2
0,0,0.0268554,-0.050122,0.0621344
1,0.861146,-0.00105012,-0.0399725,0.110194
Agent ID,6
Number of waypoints,2
0,0,0.0289354,-0.0245867,0.0773521
1,0.857152,0.010196,-0.0287066,0.140208
Agent ID,7
Number of waypoints,2
0,0,0.0448695,0.0327147,0.069118
1,1.73976,-0.0429996,0.0536354,0.134304
