Agent ID,0
Number of waypoints,2
0,0,-0.0452944,-0.0118003,0.0847589
1,0.554842,-0.0353654,0.0226471,0.0958667
Agent ID,1
Number of waypoints,3
0,0,-0.0379439,-0.0465093,0.134907
1,0.020085,-0.0359354,-0.0465093,0.134907
2,0.75325,-0.0359354,0.0154982,0.123598
Agent ID,2
Number of waypoints,2
0,0,-0.0272598,0.0544208,0.161739
1,0.82941,-0.0493865,0.0318795,0.123466
Agent ID,3
Number of waypoints,2
0,0,0.0181358,0.0465303,0.176159
1,0.741059,0.047862,0.0200556,0.158254
Agent ID,4
Number of waypoints,3
0,0,0.0215838,-0.0535141,0.173159
1,0.10577,0.0215838,-0.0535141,0.162582
2,0.495483,0.0359817,-0.0289407,0.162582
Agent ID,5
Number of waypoints,2
0,0,0.0279686,0.000487582,0.131213
1,0.94281,0.0421741,-0.0426832,0.0943083
Agent ID,6
Number of waypoints,2
0,0,0.0425363,0.0277684,0.135191
1,0.821311,0.0502013,0.0526431,0.0855996
Agent ID,7
Number of waypoints,3
0,0,0.0485675,-0.0428643,0.167645
1,0.061351,0.0547026,-0.0428643,0.167645
2,0.422497,0.0547026,-0.0121227,0.173018
