Agent ID,0
Number of waypoints,3
0,0,-0.0536697,-0.0321383,0.155831
1,0.455495,-0.0536697,-0.0595728,0.137716
2,0.541309,-0.0450883,-0.0595728,0.137716
Agent ID,1
Number of waypoints,2
0,0,-0.0433543,0.0260022,0.0982764
1,0.398909,-0.0529978,0.053094,0.101432
Agent ID,2
Number of waypoints,2
0,0,-0.0394351,-0.0116356,0.149355
1,0.693881,-0.0415473,0.0144853,0.1082
Agent ID,3
Number of waypoints,2
0,0,0.00976685,-0.0523858,0.081926
1,0.911325,0.0423641,-0.05466,0.138187
Agent ID,4
Number of waypoints,3
0,0,0.0153348,-0.0241661,0.0711754
1,0.149716,0.0153348,-0.0391377,0.0711754
2,0.468881,0.0311037,-0.0391377,0.087323
Agent ID,5
Number of waypoints,2
0,0,0.0203578,-0.0496285,0.137446
1,0.491496,0.0279435,-0.0585164,0.170122
Agent ID,6
Number of waypoints,2
0,0,0.0224101,0.0295327,0.0600943
1,1.04246,-0.0199047,0.0127194,0.105212
Agent ID,7
Number of waypoints,2
0,0,0.0430033,-0.0104537,0.0737393
1,0.423166,0.0529425,-0.0359449,0.0806255
