Agent ID,0
Number of waypoints,2
0,0,-0.0458042,-0.00853401,0.109848
1,0.8778,-0.0378519,0.0369937,0.144148
Agent ID,1
Number of waypoints,2
0,0,-0.0088119,-0.0574655,0.153754
1,0.474149,-0.0353482,-0.0434999,0.146841
Agent ID,2
Number of waypoints,2
0,0,0.0258386,-0.0206565,0.149703
1,0.983784,-0.0103159,-0.0302163,0.0970389
Agent ID,3
Number of waypoints,2
0,0,0.0307928,0.0471538,0.13726
1,0.635818,0.00621828,0.0541531,0.169268
Agent ID,4
Number of waypoints,2
0,0,0.0348608,-0.0518917,0.147539
1,0.491198,0.033893,-0.0320137,0.175813
Agent ID,5
Number of waypoints,2
0,0,0.0499079,-0.0544062,0.0960047
1,0.309587,0.03182,-0.0567804,0.0855081
Agent ID,6
Number of waypoints,2
0,0,0.0501872,0.0164485,0.120287
1,0.509831,0.0284697,0.0251315,0.0997044
Agent ID,7
Number of waypoints,2
0,0,0.0531742,-0.00842099,0.142874
1,0.917222,0.0179641,0.0119291,0.106712
