Agent ID,0
Number of waypoints,2
0,0,-0.0593013,0.0148483,0.118459
1,1.40685,0.0212247,-0.00716172,0.156608
Agent ID,1
Number of waypoints,2
0,0,-0.0589634,0.0136384,0.0807345
1,1.15225,-0.00173554,-0.0431376,0.0795134
Agent ID,2
Number of waypoints,2
0,0,-0.0369726,-0.0155246,0.106948
1,0.582948,-0.0102304,-0.0398052,0.11422
Agent ID,3
Number of waypoints,3
0,0,0.00828368,0.0417721,0.076526
1,0.199271,-0.0063232,0.0417721,0.0712058
2,0.324153,-0.0063232,0.0542603,0.0712058
Agent ID,4
Number of waypoints,2
0,0,0.0161256,-0.0214334,0.102633
1,0.281341,0.0421415,-0.0202912,0.103609
Agent ID,5
Number of waypoints,2
0,0,0.0166397,0.0535994,0.123605
1,0.428252,0.011627,0.0279019,0.11149
Agent ID,6
Number of waypoints,3
0,0,0.0263572,0.0251775,0.0925145
1,0.121289,0.0263572,0.0130486,0.0925145
2,0.521193,0.00212434,0.0130486,0.108272
Agent ID,7
Number of waypoints,3
0,0,0.0383548,0.0467337,0.162393
1,0.032541,0.0381747,0.0467337,0.159319
2,0.130078,0.0381747,0.0564874,0.159319
