Agent ID,0
Number of waypoints,3
0,0,-0.0385435,-0.0499864,0.122637
1,0.238921,-0.0385435,-0.0499864,0.0987449
2,0.630843,-0.0592136,-0.0314643,0.0987449
Agent ID,1
Number of waypoints,3
0,0,-0.0240535,-0.0281029,0.134821
1,0.038813,-0.0201722,-0.0281029,0.134821
2,0.501298,-0.0201722,0.00570465,0.147262
Agent ID,2
Number of waypoints,2
0,0,-0.0127326,-0.0142632,0.176111
1,0.33209,-0.00039906,-0.0317677,0.17274
Agent ID,3
Number of waypoints,2
0,0,-0.00108889,0.0450344,0.0907926
1,0.267977,-0.000975378,0.0233553,0.0957977
Agent ID,4
Number of waypoints,3
0,0,0.0173635,-0.000649861,0.0818665
1,0.183563,0.0173635,-0.000649861,0.0635102
2,0.416192,0.00962467,0.0148742,0.0635102
Agent ID,5
Number of waypoints,3
0,0,0.0210596,-0.0451352,0.0749053
1,0.078551,0.0210596,-0.0451352,0.0670502
2,0.464732,0.0190245,-0.00855216,0.0670502
Agent ID,6
Number of waypoints,2
0,0,0.0267633,0.0597981,0.0944751
1,1.24882,0.000354886,0.0353172,0.168468
Agent ID,7
Number of waypoints,2
0,0,0.0362256,-0.0336041,0.160486
1,0.306925,0.0344958,-0.0237254,0.141402
