Agent ID,0
Number of waypoints,2
0,0,-0.0403844,-0.0413806,0.1544
1,0.468093,-0.0489455,-0.0368574,0.120675
Agent ID,1
Number of waypoints,2
0,0,-0.00690239,-0.0223145,0.0976537
1,0.78003,-0.0281814,0.0169614,0.0802056
Agent ID,2
Number of waypoints,2
0,0,0.00913524,-0.0499935,0.17325
1,1.39277,-0.0244166,-0.0565067,0.0740378
Agent ID,3
Number of waypoints,2
0,0,0.0103492,0.0131639,0.111019
1,0.757819,-0.0137499,0.0550297,0.101202
Agent ID,4
Number of waypoints,2
0,0,0.0132803,-0.0283952,0.176817
1,0.983669,0.0373427,0.0354753,0.166383
Agent ID,5
Number of waypoints,2
0,0,0.0233088,-0.026516,0.148781
1,0.728809,0.00771549,0.0092606,0.12727
Agent ID,6
Number of waypoints,2
0,0,0.0386774,0.02477,0.139994
1,0.446855,0.0365311,0.0457912,0.118476
Agent ID,7
Number of waypoints,2
0,0,0.0558027,0.00524256,0.154859
1,0.331612,0.0473638,0.0192909,0.144185
