Agent ID,0
Number of waypoints,2
0,0,-0.0460171,0.0387793,0.172086
1,0.202776,-0.04477,0.0463828,0.160659
Agent ID,1
Number of waypoints,3
0,0,-0.0246011,0.0349272,0.109773
1,0.227072,-0.0368711,0.02449,0.109773
2,0.457252,-0.0368711,0.02449,0.132791
Agent ID,2
Number of waypoints,2
0,0,-0.0129217,0.0545735,0.093137
1,0.2857,-0.0173405,0.0580281,0.0724404
Agent ID,3
Number of waypoints,3
0,0,-0.00786654,-0.0484322,0.145011
1,0.0844196,-0.0163085,-0.0484322,0.145011
2,0.205057,-0.0163085,-0.0445455,0.153188
Agent ID,4
Number of waypoints,2
0,0,0.00600677,0.0271108,0.168993
1,0.360669,0.029432,0.0346015,0.163842
Agent ID,5
Number of waypoints,3
0,0,0.0118087,-0.019765,0.0788488
1,0.070888,0.0118087,-0.019765,0.07176
2,0.782585,0.00529299,0.044889,0.07176
Agent ID,6
Number of waypoints,2
0,0,0.0347975,-0.0513795,0.0601145
1,1.06176,-0.0478841,-0.0487301,0.0809591
Agent ID,7
Number of waypoints,2
0,0,0.0426771,-0.0118049,0.0995656
1,0.696039,0.0474696,-0.0208859,0.155296
