Agent ID,0
Number of waypoints,2
0,0,-0.0571316,0.0458816,0.149086
1,1.07023,-0.00430307,0.0252291,0.115544
Agent ID,1
Number of waypoints,2
0,0,-0.013746,-0.0243263,0.0840274
1,0.056961,-0.01262,-0.0217188,0.0820648
Agent ID,2
Number of waypoints,2
0,0,-0.00761311,-0.0409224,0.119671
1,0.734775,0.0166553,-0.012672,0.0987123
Agent ID,3
Number of waypoints,4
0,0,-0.00296397,0.0592061,0.174035
1,0.397863,-0.00296397,0.0194198,0.174035
2,0.454633,-0.00296397,0.0194198,0.179712
3,0.762824,0.0278551,0.0194198,0.179712
Agent ID,4
Number of waypoints,3
0,0,0.0228416,0.00303081,0.145565
1,0.0471369,0.0228416,-0.00168288,0.145565
2,0.249891,0.00696821,-0.00168288,0.141163
Agent ID,5
Number of waypoints,2
0,0,0.0269642,-0.0342036,0.145587
1,0.11837,0.0211851,-0.0386625,0.147186
Agent ID,6
Number of waypoints,3
0,0,0.0459211,-0.0349632,0.155143
1,0.110758,0.0459211,-0.04281,0.158372
2,0.132209,0.0480662,-0.04281,0.158372
Agent ID,7
Number of waypoints,2
0,0,0.0538192,-0.0540978,0.115491
1,0.249205,0.0587451,-0.0529542,0.134342
