Agent ID,0
Number of waypoints,2
0,0,-0.0370923,-0.0438697,0.163009
1,1.18758,-0.0430874,-0.032421,0.0616947
Agent ID,1
Number of waypoints,3
0,0,-0.0111189,0.0398661,0.0928835
1,0.171424,-0.0111189,0.0398661,0.0757411
2,0.896869,-0.0306514,-0.0131459,0.0757411
Agent ID,2
Number of waypoints,2
0,0,-0.00142835,-0.0174405,0.102368
1,0.506149,0.0128888,-0.0192625,0.0678922
Agent ID,3
Number of waypoints,2
0,0,0.000577121,-0.0299096,0.170043
1,0.234229,-0.00300332,-0.0150481,0.165062
Agent ID,4
Number of waypoints,3
0,0,0.00191984,0.0439733,0.163291
1,0.381456,0.00191984,0.00582775,0.163291
2,0.578406,0.0123479,0.00582775,0.154024
Agent ID,5
Number of waypoints,2
0,0,0.0356829,0.0523544,0.06493
1,0.461012,0.0131368,0.0513124,0.0874431
Agent ID,6
Number of waypoints,2
0,0,0.036742,-0.0493017,0.110828
1,0.50565,0.035719,-0.0423974,0.0681903
Agent ID,7
Number of waypoints,2
0,0,0.0414396,-0.019482,0.0637924
1,0.261782,0.0561929,-0.00860552,0.063244
