Agent ID,0
Number of waypoints,3
0,0,-0.0599209,0.0186811,0.157734
1,0.629387,-0.0598449,0.0186811,0.0948713
2,0.655537,-0.0598449,0.0212961,0.0948713
Agent ID,1
Number of waypoints,3
0,0,-0.0335422,0.0271373,0.15869
1,0.784958,-0.0335422,-0.00272351,0.110055
2,0.857205,-0.0407669,-0.00272351,0.110055
Agent ID,2
Number of waypoints,2
0,0,-0.0271604,-0.00766283,0.0635256
1,0.766371,-0.0406865,-0.0266714,0.107628
Agent ID,3
Number of waypoints,3
0,0,-0.00650548,-0.0394942,0.148451
1,0.059905,-0.00650548,-0.0454847,0.148451
2,0.385273,-0.0128473,-0.0454847,0.174646
Agent ID,4
Number of waypoints,2
0,0,0.031879,0.0171479,0.104911
1,1.26382,0.048143,-0.0580802,0.139801
Agent ID,5
Number of waypoints,2
0,0,0.0320242,0.00304253,0.140255
1,0.238923,0.0292972,0.0135008,0.150962
Agent ID,6
Number of waypoints,2
0,0,0.0367356,-0.0491201,0.0670756
1,1.33173,-0.0278852,-0.0590582,0.12569
Agent ID,7
Number of waypoints,2
0,0,0.0375347,0.0379427,0.0721119
1,0.917525,0.00438162,-0.0175491,0.0690043
