Agent ID,0
Number of waypoints,2
0,0,-0.0393868,-0.0106362,0.161329
1,1.08182,-0.0483432,0.0462668,0.119006
Agent ID,1
Number of waypoints,2
0,0,-0.0305137,-0.0224948,0.0967814
1,0.550015,-0.00201552,0.00336132,0.0961342
Agent ID,2
Number of waypoints,2
0,0,-0.0188626,0.0450514,0.124204
1,0.912364,-0.0535088,0.0447199,0.0679453
Agent ID,3
Number of waypoints,2
0,0,-0.000832028,0.0474838,0.0789449
1,0.529303,0.0312621,0.0576588,0.0682837
Agent ID,4
Number of waypoints,2
0,0,0.00199199,-0.0306082,0.073148
1,0.566241,0.0350464,-0.0187144,0.0848239
Agent ID,5
Number of waypoints,2
0,0,0.00856588,0.0219698,0.155319
1,0.862851,0.0356338,0.032208,0.10634
Agent ID,6
Number of waypoints,2
0,0,0.0145073,-0.0148513,0.17233
1,0.751453,-0.0142724,0.0203313,0.161147
Agent ID,7
Number of waypoints,2
0,0,0.0150063,0.0509837,0.135918
1,0.888057,0.0573451,0.0545409,0.0930083
