Agent ID,0
Number of waypoints,2
0,0,-0.054669,-0.0430537,0.150219
1,0.564699,-0.0325719,-0.0227019,0.16424
Agent ID,1
Number of waypoints,2
0,0,-0.0536825,0.0579805,0.13755
1,0.557117,-0.0557647,0.026511,0.15971
Agent ID,2
Number of waypoints,2
0,0,-0.0399994,0.0317302,0.14615
1,0.626787,0.00444372,0.0289696,0.161625
Agent ID,3
Number of waypoints,2
0,0,-0.014336,-0.014356,0.0730113
1,0.910772,-0.0547799,-0.0247506,0.11325
Agent ID,4
Number of waypoints,2
0,0,-0.00119413,-0.0423922,0.0731152
1,0.561831,-0.00113508,-0.0570744,0.114557
Agent ID,5
Number of waypoints,3
0,0,0.0415225,-0.0335413,0.094993
1,0.178573,0.0415225,-0.0336106,0.112781
2,0.2343,0.0470952,-0.0336106,0.112781
Agent ID,6
Number of waypoints,2
0,0,0.0423197,0.0496731,0.121643
1,0.298793,0.040709,0.0236905,0.123929
Agent ID,7
Number of waypoints,2
0,0,0.0439674,-0.0281074,0.15107
1,1.04813,-0.0126061,-0.0497759,0.177641
