Agent ID,0
Number of waypoints,2
0,0,-0.0579452,0.0533751,0.10216
1,0.187088,-0.0483564,0.0567425,0.0964074
Agent ID,1
Number of waypoints,3
0,0,-0.0563915,0.00454717,0.121736
1,0.262651,-0.0551254,0.00454717,0.146735
2,0.782805,-0.0551254,0.0565626,0.146735
Agent ID,2
Number of waypoints,2
0,0,-0.0356777,-0.0204748,0.074801
1,0.743521,-0.00627901,-0.0494789,0.0907503
Agent ID,3
Number of waypoints,3
0,0,-0.000613868,-0.0155589,0.0969767
1,0.145805,-0.000613868,-0.0301394,0.0969767
2,0.323988,-0.00132883,-0.0301394,0.11408
Agent ID,4
Number of waypoints,2
0,0,0.0255916,-0.0491888,0.15242
1,0.878401,0.0461834,-0.000756531,0.133604
Agent ID,5
Number of waypoints,2
0,0,0.0290429,0.0440573,0.0628769
1,0.939259,-0.000453766,0.0456504,0.125713
Agent ID,6
Number of waypoints,2
0,0,0.0327819,0.0450614,0.173561
1,0.14381,0.0421666,0.0413131,0.174809
Agent ID,7
Number of waypoints,3
0,0,0.0512021,0.0498989,0.109231
1,0.276873,0.0512021,0.0222116,0.109231
2,0.841097,0.0333677,0.0222116,0.147819
