Agent ID,0
Number of waypoints,3
0,0,-0.0592215,0.0553723,0.0875189
1,0.23478,-0.0592215,0.0553723,0.0640409
2,0.734601,-0.0268113,0.0378004,0.0640409
Agent ID,1
Number of waypoints,2
0,0,-0.0464445,0.0557073,0.170359
1,0.289639,-0.0494738,0.0347837,0.17537
Agent ID,2
Number of waypoints,2
0,0,-0.0314939,-0.0514354,0.110945
1,1.19727,0.0265267,-0.0169324,0.083742
Agent ID,3
Number of waypoints,3
0,0,-0.0288776,0.0489311,0.173648
1,1.17998,-0.0288776,0.0234152,0.0811655
2,1.30002,-0.0168735,0.0234152,0.0811655
Agent ID,4
Number of waypoints,2
0,0,0.0282809,-0.0577523,0.102953
1,0.120128,0.0260602,-0.0512349,0.0996783
Agent ID,5
Number of waypoints,2
0,0,0.0332986,0.0192084,0.150745
1,1.09859,0.0495141,-0.0541607,0.171019
Agent ID,6
Number of waypoints,2
0,0,0.0419466,0.0233895,0.0995228
1,0.286553,0.0344949,0.0219711,0.119308
Agent ID,7
Number of waypoints,2
0,0,0.055368,-0.0193101,0.102595
1,0.202878,0.0591754,-0.0276342,0.0944387
