Agent ID,0
Number of waypoints,2
0,0,-0.0424987,0.0473005,0.10427
1,0.929858,-0.0360195,-0.0255931,0.117883
Agent ID,1
Number of waypoints,4
0,0,-0.0359591,-0.00694332,0.12374
1,0.40626,-0.0359591,-0.0475693,0.12374
2,0.557506,-0.0510837,-0.0475693,0.12374
3,0.649026,-0.0510837,-0.0475693,0.132892
Agent ID,2
Number of waypoints,2
0,0,-0.0188233,0.0103202,0.0842567
1,0.719002,0.018396,-0.0076274,0.0675234
Agent ID,3
Number of waypoints,2
0,0,-0.0144669,0.0424439,0.0899066
1,0.857067,0.00808597,0.0439403,0.151564
Agent ID,4
Number of waypoints,2
0,0,-0.00593957,0.00828614,0.171194
1,0.595308,-0.0212823,-0.0204709,0.155763
Agent ID,5
Number of waypoints,2
0,0,0.0101485,0.00383097,0.16972
1,0.870287,0.0487296,-0.0129226,0.138026
Agent ID,6
Number of waypoints,2
0,0,0.0108841,-0.0233772,0.1374
1,0.884046,0.0438964,-0.0575275,0.158642
Agent ID,7
Number of waypoints,3
0,0,0.0400724,0.0240911,0.0775122
1,0.075973,0.0400724,0.0240911,0.0699149
2,0.299294,0.0350291,0.0413799,0.0699149
