Agent ID,0
Number of waypoints,2
0,0,-0.0571027,-0.00930842,0.139078
1,0.737096,-0.0504628,-0.0434151,0.106115
Agent ID,1
Number of waypoints,3
0,0,-0.0440192,0.017902,0.0912742
1,0.229621,-0.0440192,0.017902,0.0683121
2,0.746046,-0.0367321,-0.0264534,0.0683121
Agent ID,2
Number of waypoints,2
0,0,-0.0273701,0.0265259,0.151125
1,1.23622,0.00464787,-0.056469,0.159734
Agent ID,3
Number of waypoints,2
0,0,-0.0197408,0.00935024,0.101834
1,1.22546,0.0130508,-0.0459283,0.0673581
Agent ID,4
Number of waypoints,2
0,0,-0.0187768,0.00480487,0.13346
1,0.452844,-0.000404132,-0.0107989,0.122152
Agent ID,5
Number of waypoints,2
0,0,-0.0157115,0.0469188,0.138323
1,0.170886,-0.0187787,0.0509652,0.128348
Agent ID,6
Number of waypoints,3
0,0,0.00839989,-0.0251807,0.144595
1,0.248509,0.00839989,-0.0500316,0.144595
2,0.54837,0.01907,-0.0500316,0.125279
Agent ID,7
Number of waypoints,3
0,0,0.0353714,0.0378964,0.0878028
1,0.125451,0.0353714,0.0378964,0.0752577
2,0.37375,0.0231916,0.0252463,0.0752577
