Agent ID,0
Number of waypoints,4
0,0,-0.0543581,-0.0395271,0.10356
1,0.056514,-0.0543581,-0.0395271,0.0979086
2,0.056514,-0.0543581,-0.0395271,0.0979086
3,0.439448,-0.0303869,-0.0538493,0.0979086
Agent ID,1
Number of waypoints,2
0,0,-0.0419315,-0.0175706,0.118211
1,0.374516,-0.0226483,-0.0103652,0.129174
Agent ID,2
Number of waypoints,3
0,0,-0.0305049,0.0250646,0.0699956
1,0.200473,-0.0296518,0.00587043,0.0699956
2,0.252916,-0.0296518,0.00587043,0.0752399
Agent ID,3
Number of waypoints,2
0,0,-0.0298128,0.0453854,0.163228
1,1.25627,0.0558969,0.0113494,0.169109
Agent ID,4
Number of waypoints,3
0,0,0.000195852,0.0200476,0.157683
1,0.621406,0.000195852,-0.042093,0.157683
2,0.973907,0.026936,-0.042093,0.166193
Agent ID,5
Number of waypoints,2
0,0,0.0191974,0.000743011,0.0879467
1,0.400966,0.0376352,0.00224944,0.0677943
Agent ID,6
Number of waypoints,2
0,0,0.0242424,-0.0579329,0.108245
1,0.920999,0.0282428,-0.0130571,0.0650213
Agent ID,7
Number of waypoints,2
0,0,0.0433829,-0.0404479,0.110987
1,0.594916,0.0474958,-0.0493636,0.15745
