Agent ID,0
Number of waypoints,2
0,0,-0.0410768,-0.00513741,0.119731
1,0.34943,-0.0257431,0.00870285,0.113962
Agent ID,1
Number of waypoints,3
0,0,-0.0282866,-0.0286265,0.120431
1,0.178747,-0.0405796,-0.0342082,0.120431
2,0.429827,-0.0405796,-0.0342082,0.145539
Agent ID,2
Number of waypoints,2
0,0,-0.0216509,-0.0557898,0.0702044
1,0.845112,-0.0302977,-0.012892,0.103171
Agent ID,3
Number of waypoints,3
0,0,0.0117728,0.0150958,0.16003
1,0.171066,0.0117728,-0.00201083,0.16003
2,0.500637,0.0248599,-0.00201083,0.1799
Agent ID,4
Number of waypoints,2
0,0,0.0152578,-0.00510557,0.0663706
1,1.3786,-0.0269791,0.0576855,0.0992025
Agent ID,5
Number of waypoints,2
0,0,0.0209366,0.0398136,0.14716
1,1.12581,-0.0389403,0.0116035,0.171654
Agent ID,6
Number of waypoints,3
0,0,0.0329355,0.026724,0.142258
1,0.286496,0.0472061,0.026724,0.127879
2,0.309521,0.0472061,0.0290265,0.127879
Agent ID,7
Number of waypoints,2
0,0,0.0595117,-0.0589234,0.0793907
1,1.25418,0.039185,0.0441074,0.0814512
