Agent ID,0
Number of waypoints,2
0,0,-0.0472849,0.0302197,0.149872
1,0.659194,-0.0516386,0.0481494,0.106236
Agent ID,1
Number of waypoints,2
0,0,-0.0441275,0.0145483,0.16727
1,0.159812,-0.04737,0.025357,0.1692
Agent ID,2
Number of waypoints,3
0,0,-0.0304238,-0.0273888,0.105354
1,0.093875,-0.0398113,-0.0273888,0.105354
2,0.326213,-0.0398113,-0.00969502,0.110894
Agent ID,3
Number of waypoints,3
0,0,-0.0132296,-0.00414289,0.160228
1,0.293073,-0.0132296,-0.0334502,0.160228
2,0.836851,-0.00397577,-0.0334502,0.115104
Agent ID,4
Number of waypoints,3
0,0,0.00340187,0.00856894,0.154565
1,0.551427,0.0327476,0.00856894,0.128768
2,0.945024,0.0327476,-0.0307907,0.128768
Agent ID,5
Number of waypoints,2
0,0,0.00922738,0.00865586,0.0968095
1,0.469251,0.0152542,-0.0200689,0.108983
Agent ID,6
Number of waypoints,2
0,0,0.0227091,0.0176603,0.158905
1,1.13707,0.0354074,0.0582206,0.0984565
Agent ID,7
Number of waypoints,2
0,0,0.0240821,0.00379833,0.0975583
1,0.910719,0.0577219,-0.0356681,0.115524
