Agent ID,0
Number of waypoints,3
0,0,-0.0347392,0.0326463,0.158127
1,0.500107,-0.0347392,0.00195456,0.177446
2,0.503002,-0.0350287,0.00195456,0.177446
Agent ID,1
Number of waypoints,2
0,0,-0.0319096,0.0592567,0.0701476
1,0.539938,-0.0560376,0.0378796,0.0786363
Agent ID,2
Number of waypoints,2
0,0,-0.0284025,0.0540055,0.120718
1,0.40361,-0.0234517,0.0334213,0.105892
Agent ID,3
Number of waypoints,2
0,0,-0.0208457,-0.0288827,0.113833
1,0.320714,-0.0376921,-0.0212627,0.106228
Agent ID,4
Number of waypoints,2
0,0,0.0125057,0.0572068,0.156093
1,0.995075,0.00264504,0.02061,0.103043
Agent ID,5
Number of waypoints,2
0,0,0.0167281,0.0161311,0.125081
1,0.671641,0.0211571,0.000242722,0.0782343
Agent ID,6
Number of waypoints,2
0,0,0.0334184,-0.051979,0.0635368
1,1.2055,-0.0506283,-0.058252,0.0937668
Agent ID,7
Number of waypoints,3
0,0,0.0371104,-0.00364994,0.126945
1,0.18533,0.0371104,-0.00364994,0.108412
2,0.486113,0.0138101,-0.0104279,0.108412
