Agent ID,0
Number of waypoints,2
0,0,-0.0135555,-0.0192334,0.078216
1,0.492659,-0.0496489,-0.0178538,0.0664231
Agent ID,1
Number of waypoints,2
0,0,-0.00389668,0.0435042,0.14014
1,0.727928,-0.00185697,0.0573606,0.0832433
Agent ID,2
Number of waypoints,3
0,0,-0.00193694,-0.0446505,0.0702724
1,0.353735,-0.0355403,-0.0464206,0.0702724
2,0.543856,-0.0355403,-0.0464206,0.0892845
Agent ID,3
Number of waypoints,2
0,0,0.00102077,0.000290687,0.0817482
1,0.24768,-0.00165718,-0.00277052,0.0627194
Agent ID,4
Number of waypoints,3
0,0,0.014124,0.0529226,0.146377
1,0.468018,0.014124,0.00612078,0.146377
2,0.802709,0.0421461,0.00612078,0.151824
Agent ID,5
Number of waypoints,2
0,0,0.0365088,0.0537872,0.108669
1,0.196959,0.0305985,0.0472826,0.11595
Agent ID,6
Number of waypoints,2
0,0,0.0417647,-0.0516153,0.104775
1,1.17315,0.00525563,-0.0272648,0.16123
Agent ID,7
Number of waypoints,2
0,0,0.042425,0.0134046,0.0939606
1,0.37161,0.0346437,-0.00076208,0.0787476
