Agent ID,0
Number of waypoints,2
0,0,-0.0555172,-0.0449378,0.177981
1,0.541505,-0.0213475,-0.0516446,0.164707
Agent ID,1
Number of waypoints,2
0,0,-0.0384468,-0.000358372,0.0878548
1,1.3907,0.0404589,-0.0409339,0.0682661
Agent ID,2
Number of waypoints,2
0,0,-0.0294064,0.0131001,0.171975
1,0.943537,-0.0594946,0.0461516,0.140761
Agent ID,3
Number of waypoints,2
0,0,-0.0245721,0.0364948,0.126319
1,1.06404,0.0424412,0.0547548,0.105188
Agent ID,4
Number of waypoints,3
0,0,-0.0216377,0.0488453,0.0939667
1,0.198606,-0.0216377,0.0488453,0.0741061
2,0.730804,-0.00679861,0.0104646,0.0741061
Agent ID,5
Number of waypoints,3
0,0,-0.0172134,-0.0565493,0.108946
1,0.226953,0.00535097,-0.0566802,0.108946
2,0.459693,0.00535097,-0.0566802,0.13222
Agent ID,6
Number of waypoints,2
0,0,0.00744451,0.0116571,0.149536
1,0.606513,0.0410425,-0.00556822,0.159364
Agent ID,7
Number of waypoints,2
0,0,0.0421427,-0.0215002,0.141627
1,0.930566,0.0550149,0.00281807,0.0857609
