Agent ID,0
Number of waypoints,2
0,0,-0.0596561,-0.0147949,0.0801424
1,0.810706,-0.0184033,0.00974939,0.0954159
Agent ID,1
Number of waypoints,2
0,0,-0.0501171,0.0112107,0.135353
1,0.706137,-0.0544204,0.0354131,0.177461
Agent ID,2
Number of waypoints,2
0,0,-0.0467262,0.0326958,0.137533
1,0.586851,-0.0140367,0.0355614,0.114403
Agent ID,3
Number of waypoints,2
0,0,-0.039177,-0.0214195,0.0871217
1,0.457007,-0.0104468,-0.0310601,0.0944516
Agent ID,4
Number of waypoints,2
0,0,-0.0126663,-0.0320772,0.159907
1,0.993874,-0.00381363,-0.00567003,0.0957794
Agent ID,5
Number of waypoints,2
0,0,0.0047591,0.0148015,0.155814
1,1.44572,0.0257918,0.0571565,0.0746296
Agent ID,6
Number of waypoints,2
0,0,0.0470914,-0.0228536,0.0807513
1,0.341739,0.0233979,-0.0232472,0.0706645
Agent ID,7
Number of waypoints,2
0,0,0.0521292,0.00987389,0.152119
1,0.600049,0.033887,0.0233586,0.123841
