Agent ID,0
Number of waypoints,2
0,0,-0.0364958,0.0336092,0.109586
1,1.31615,-0.0514711,-0.0312861,0.16133
Agent ID,1
Number of waypoints,2
0,0,-0.0178406,0.0587163,0.158094
1,0.620778,0.0145736,0.0520177,0.135129
Agent ID,2
Number of waypoints,2
0,0,-0.00305064,-0.0547767,0.144866
1,0.854057,-0.0590533,-0.0499337,0.169426
Agent ID,3
Number of waypoints,2
0,0,0.00588449,0.0438496,0.17888
1,0.982737,-0.0220169,-0.00612268,0.15848
Agent ID,4
Number of waypoints,2
0,0,0.0224728,0.00528157,0.148538
1,0.672628,-0.0126984,-0.021226,0.154122
Agent ID,5
Number of waypoints,2
0,0,0.0284184,0.000828818,0.0911464
1,0.900775,0.0372194,0.0373557,0.135896
Agent ID,6
Number of waypoints,2
0,0,0.0309477,-0.0143306,0.14039
1,1.23454,-0.0303783,-0.0492314,0.167617
Agent ID,7
Number of waypoints,2
0,0,0.037935,-0.0198587,0.0856444
1,0.866755,-0.0115834,-0.0135332,0.116476
