Agent ID,0
Number of waypoints,2
0,0,-0.0543715,-0.0558199,0.076961
1,0.64216,-0.0154799,-0.0492804,0.0957459
Agent ID,1
Number of waypoints,2
0,0,-0.0532316,0.00749653,0.0998537
1,0.67603,-0.0557515,0.0333952,0.0606693
Agent ID,2
Number of waypoints,2
0,0,-0.0386564,-0.0399768,0.13546
1,0.547648,-0.0289921,-0.00192227,0.142506
Agent ID,3
Number of waypoints,2
0,0,-0.0271043,-0.0327507,0.105239
1,0.546574,0.0247306,-0.0342992,0.103965
Agent ID,4
Number of waypoints,2
0,0,-0.00602067,0.0540451,0.143407
1,0.165087,-0.0148102,0.0492779,0.146359
Agent ID,5
Number of waypoints,2
0,0,0.0430006,0.021739,0.12881
1,0.487071,0.0413261,0.0120354,0.166139
Agent ID,6
Number of waypoints,2
0,0,0.0485618,-0.00344004,0.163958
1,0.173416,0.0379975,-0.00663337,0.167542
Agent ID,7
Number of waypoints,2
0,0,0.0561025,-0.0247901,0.102624
1,0.600376,0.0354051,0.0107071,0.098781
