Agent ID,0
Number of waypoints,2
0,0,-0.0487773,0.0398464,0.173737
1,1.20358,0.0116796,0.000289255,0.153393
Agent ID,1
Number of waypoints,2
0,0,-0.0251942,-0.036951,0.0729475
1,0.499963,-0.013317,-0.0445046,0.103513
Agent ID,2
Number of waypoints,2
0,0,-0.0247354,-0.0452625,0.155259
1,0.172587,-0.0407109,-0.0441683,0.155448
Agent ID,3
Number of waypoints,3
0,0,-0.0073554,0.0159017,0.132596
1,0.330825,0.00511007,0.0159017,0.111979
2,0.779309,0.00511007,-0.0289467,0.111979
Agent ID,4
Number of waypoints,2
0,0,0.00380989,0.0364785,0.153078
1,1.11614,0.0452223,0.015779,0.103576
Agent ID,5
Number of waypoints,2
0,0,0.00396761,0.0540479,0.176727
1,0.689107,0.0205716,0.0568456,0.127218
Agent ID,6
Number of waypoints,2
0,0,0.0236792,0.0540817,0.100191
1,0.925162,0.0296541,0.00698288,0.0607485
Agent ID,7
Number of waypoints,2
0,0,0.0453122,-0.0147541,0.170259
1,1.10641,0.000145485,-0.0499423,0.139973
