Agent ID,0
Number of waypoints,2
0,0,-0.0305295,-0.0477759,0.153745
1,0.214262,-0.0290002,-0.0499058,0.171512
Agent ID,1
Number of waypoints,2
0,0,-0.0239905,-0.0353814,0.0915113
1,0.475787,-0.0555174,-0.0372245,0.10572
Agent ID,2
Number of waypoints,2
0,0,-0.0190388,-0.03314,0.062651
1,0.59162,-0.0133492,0.0184584,0.064525
Agent ID,3
Number of waypoints,2
0,0,-0.00160083,-0.0533415,0.0615844
1,0.535181,0.0263689,-0.0357034,0.0694947
Agent ID,4
Number of waypoints,3
0,0,0.0277084,-0.0222719,0.143115
1,0.397627,-0.0120543,-0.0222719,0.143115
2,0.873533,-0.0120543,-0.0110103,0.179444
Agent ID,5
Number of waypoints,3
0,0,0.0303193,0.00402835,0.130073
1,0.451774,-0.0148581,0.00402835,0.130073
2,0.669322,-0.0148581,0.0156852,0.119975
Agent ID,6
Number of waypoints,2
0,0,0.0332755,0.0504981,0.0735202
1,1.27674,-0.0374601,0.051049,0.129908
Agent ID,7
Number of waypoints,2
0,0,0.0488553,0.0245534,0.149125
1,0.454225,0.0441971,0.0103161,0.175652
