Agent ID,0
Number of waypoints,3
0,0,-0.0535421,0.0194903,0.0953974
1,0.138612,-0.0535421,0.0194903,0.0815362
2,0.57499,-0.0245398,0.0341258,0.0815362
Agent ID,1
Number of waypoints,2
0,0,-0.0373485,-0.0383812,0.129618
1,0.629013,-0.0201537,-0.0433197,0.170386
Agent ID,2
Number of waypoints,2
0,0,-0.0243952,0.0473412,0.100916
1,0.748115,0.0124542,0.0561292,0.0717419
Agent ID,3
Number of waypoints,2
0,0,-0.0086296,0.0370756,0.153558
1,0.339156,0.0112647,0.0273593,0.149253
Agent ID,4
Number of waypoints,2
0,0,-0.00539481,-0.0353336,0.0720493
1,0.736821,-0.0229726,0.0184591,0.0697377
Agent ID,5
Number of waypoints,3
0,0,0.0251335,-0.0392798,0.120911
1,0.294017,0.0251335,-0.0392798,0.0915093
2,1.03735,-0.0113863,-0.00146606,0.0915093
Agent ID,6
Number of waypoints,2
0,0,0.036981,-0.0518492,0.130275
1,1.09416,-0.000296306,-0.0182183,0.168783
Agent ID,7
Number of waypoints,2
0,0,0.0526056,0.0271196,0.0953775
1,0.460763,0.0392282,0.0315536,0.0671126
